job_id,title,employer,lang,english_flag,municipality,region,city,streetAddress,url,text_excerpt
30484631,Projektledare - Infrastrukturprogram (spårbunden trafik),Soros Consulting AB,sv,True,,,,,,Vi söker en erfaren och trygg projektledare till ett långsiktigt och samhällsviktigt uppdrag inom ett större investeringsprogram för spårbunden kollektivtrafik. Uppdraget bedrivs i en komplex programmiljö med flera parallella projekt i olika skeden – från tidig planering till genomförande och drifts...
30484619,Handläggare inom informationssäkerhet och säkerhetsskydd,Soros Consulting AB,sv,True,,,,,,Soros söker – Handläggare inom informationssäkerhet och säkerhetsskydd Uppdragets bakgrund   Soros söker nu en handläggare till ett uppdrag inom offentlig verksamhet med fokus på informationssäkerhet och säkerhetsskydd. Uppdraget är placerat i en större samhällsbärande organisation med ansvar för kr...
30484562,Soros söker Hållbarhetssamordnare,Soros Consulting AB,sv,True,,,,,,"Om uppdraget   Soros söker en biträdande hållbarhetssamordnare till ett omfattande och långsiktigt infrastrukturprojekt i tidigt skede. Uppdraget bedrivs inom en större beställarorganisation och omfattar planering, projektering och kommande genomförandeskeden. Projektet har höga ambitioner inom milj..."
30484497,"Machine Learning Engineer, Personalisation",Wolt Development Sverige AB,en,False,,,,,,"Wolt’s Personalization team is responsible for creating a tailored experience for Wolt’s customers across their shopping journey, helping them to discover the best restaurants, dishes or items that match their culinary and shopping preferences across multiple premises such as Discovery, In Venue or ..."
30484509,Software Engineer  Complex Interactions,Appostrophe AB,en,False,,,,,,"Join us in creating world-class creativity apps used by millions of people. Appostrophe builds design software used by millions of people. Our main product, SCRL, is a creative design app where users compose layouts, manipulate visual elements, and make designs through multi-touch interaction. Build..."
30484453,Handläggare - Informationssäkerhet,Centio Consulting Group AB,sv,True,,,,,,Vi söker Handläggare inom informationssäkerhet till en myndighet inom trafik. Detta är ett konsultuppdrag. Stationeringsort är Stockholm. Tjänsten är på heltid. Uppdraget innebär ett nära samarbete med kunden vilket ställer stora krav på flexibilitet och samarbetsförmåga. Uppdraget Som handläggare i...
30484443,Department Coordinator to the Stockholm School of Economics,Handelshögskolan i Stockholm,en,True,,,,,,"The Education Office (EdO) is one of the Professional Services units at SSE. We are currently about 50 staff members working in EdO. We function as a hub in the SSE journey. We provide and develop professional academic support for all stakeholders and students (BSc, MSc, PhD) during their SSE journe..."
30484340,Kundrelationsansvarig,Ellevio AB,sv,True,,,,,,"Är du redo för att hänga med på vår spännande resa? Ellevio är ett av Sveriges största energibolag och tillsammans fortsätter vi att elektrifiera Sverige. Hos oss är du en del av en trygg och viktig framtidsbransch samtidigt som du får möjlighet att göra skillnad, växa som individ och ha riktigt kul..."
30484370,Utredare - kunskapsbaserad socialtjänst,Stockholms kommun,sv,True,,,,,,"Stockholm – vår huvudstad med miljoner drömmar, förväntningar och ambitioner. Vi jobbar för alla som lever här idag och i framtiden. Nu söker vi dig som vill tänka stort, nytt och annorlunda med oss – för stockholmarna.  Socialförvaltningen i Stockholms stad har en övergripande och samordnande roll ..."
30484358,Calculation Engineer to company in the automotive industry - Södertälje,Perido AB,en,False,,,,,,"Are you passionate about advanced simulations and eager to contribute to the future of sustainable transport? In this assignment, you will work at the forefront of crash and CAE simulation within battery electric vehicle development at a world-leading company. You will join a highly skilled team in ..."
30484300,Receptionist till Centrala Stockholm,Andara Group AB,sv,True,,,,,,"Välkommen till en möjlighet där du står i centrum för möten, service och kommunikation i hjärtat av Stockholm! Vi söker nu en engagerad receptionist till vår kund i centrala Stockholm för ett hyrköp. Här blir du företagets ansikte utåt och en viktig del av ett professionellt team där hög servicenivå..."
30484210,Senior Testare med utvecklingskompetens (.NET / C#),Edge of Talent AB,sv,True,,,,,,"Vi söker nu en mycket erfaren testare med utvecklingskompetens inom C# och .NET till ett långsiktigt konsultuppdrag hos en större organisation inom samhällskritisk verksamhet. Uppdraget ger dig möjlighet att vara med och bygga upp en modern teststrategi och kvalitetssäkra en ny, framtida trafikhante..."
30484206,Handläggare informationssäkerhet,Devotum AB,sv,True,,,,,,För vår kunds räkning söker vi just nu en handläggare inom säkerhet till Stockholm. Uppdraget är på heltid och förväntas starta 2026-03-29 och pågå till och med 2026-12-31 med möjlighet till förlängning.  Om uppdraget Ditt uppdrag som handläggare kommer riktas mot informationssäkerhetsområdet inom f...
30484132,Analytiker - Verksamhetsspecialist till Statens internbank inom Riksgälden,Riksgäldskontoret,sv,True,,,,,,Vill du tillsammans med kunniga kollegor bidra i Riksgäldens arbete med finansiella tjänster för myndigheter? Har du erfarenhet av arbete inom statlig myndighet eller finanssektorn? Detta är en tjänst för dig som vill bli specialist på hur finansieringen av myndigheternas verksamhet fungerar och job...
30484127,Handläggare - Informationssäkerhet,Jobbusters AB,sv,True,,,,,,"Din nya roll  Vill du arbeta i skärningspunkten mellan informationssäkerhet, samhällsnytta och säkerhetsskydd? Nu söker vi en handläggare inom informationssäkerhet till ett uppdrag i en samhällsbärande verksamhet där tillförlitlighet och ansvar är helt avgörande. I rollen blir du en viktig del av sä..."
30484090,"Vikarierande lärare i Ma/No/Tk åk7-9, Kämpetorpsskolan",Stockholms kommun,sv,True,,,,,,"Stockholm – vår huvudstad med miljoner drömmar, förväntningar och ambitioner. Vi jobbar för alla som lever här idag och i framtiden. Nu söker vi dig som vill tänka stort, nytt och annorlunda med oss – för stockholmarna.    Arbetsplatsbeskrivning  Kämpetorpsskolan är belägen mitt i Älvsjö och har c..."
30484117,Handläggare till offentlig sektor i Stockholm!,Sway Sourcing Sweden AB,sv,True,,,,,,"Vill du arbeta med informationssäkerhet där struktur, tillit och samhällsnytta står i centrum? Är du trygg i offentlig förvaltning och vill bidra i en verksamhet med höga krav på säkerhet och sekretess? Då kan detta uppdrag vara helt rätt för dig 💼 🎯Om uppdraget I rollen som Handläggare inom informa..."
30484086,Erfaren Business controller till Stockholm,SAMHALL AB,sv,True,,,,,,"Om Samhall  I Sverige saknar 250 000 personer med en funktionsnedsättning ett arbete att gå till. Det är därför Samhall finns – för att skapa meningsfulla jobb för dem som står utanför arbetsmarknaden. Vår vision är ""En arbetsmarknad där alla ses som en tillgång"" och vi tror att du som läser detta k..."
30484025,Sambandscontroller,Säkerhetspolisen,sv,True,,,,,,"Trivs du med att arbeta i en koordinerande roll där samverkan, struktur och operativ skicklighet står i fokus? Vi söker nu en initiativrik och handlingskraftig sambandscontroller som vill arbeta i en operativ miljö hos oss på Säkerhetspolisen. Välkommen med din ansökan. Vårt uppdrag är Sveriges säke..."
30484022,Serviceinriktad receptionist sökes till företag på Lidingö!,Carotte Staff AB,sv,True,,,,,,"Om rollen Som uppdragskonsult arbetar du vid behov ute hos våra kunder, främst inom reception på kontor, coworking, konferens och besöksnäring. I denna tjänst avser uppdraget i första hand ett företag beläget på Lidingö, där du blir en viktig del av den dagliga serviceleveransen. För dig som bor i n..."
30484007,Platschef bygg åt kund,Bustos Konsulttjänster AB,sv,True,,,,,,"Vem är du? För att trivas i rollen som platschef hos vår kund behöver du ha en flerårig erfarenhet av att arbeta med bostadsprojekt där du har haft befattningen som platschef. Du som platschef kommer att bära ansvaret för den dagliga planeringen, produktionen, ekonomiska uppföljningen, samt kund- oc..."
30483916,Transport Center Controller,H & M Hennes & Mauritz Gbc AB,en,False,,,,,,"WHAT YOU’LL DO​ Our Transport Teams are centralized into three local hubs across Europe, known as Cluster Transport Operations Centers (CTOCs), located in the Poznań area (Poland), Madrid area (Spain), and Stockholm (Sweden). These centers enable collaborative resource pooling, centralized expertise..."
30476932,Social Media Consultant - Tech & Gaming,Bubbl AB,en,False,,,,,,"ABOUT Bubbl AB is a technology consulting company providing specialist expertise in software development, gaming, and digital products to clients in Sweden and internationally. Our consultants work as developers, game programmers, technical leads, and product managers. We are now looking for a Socia..."
30483872,Ekonomiassistent till kund och leverantörsreskontran,SJR in Sweden AB,sv,True,,,,,,"Som erfaren ekonomiassistent inom kund- och leverantörsreskontra, som gärna arbetar med stora flöden och är van vid att navigera mellan olika ekonomisystem, är du precis den konsult SJR söker för vårt nästa spännande uppdrag.  Om tjänsten SJR tillsätter nu en Ekonomiassistent inom kund- & leverantör..."
30483890,Handläggare informationssäkerhet,Future People AB,sv,True,,,,,,Vi på Future People söker en handläggare till vår kund i centrala Stockholm. Som konsult hos oss får du möjlighet till ett spännande uppdrag hos en av våra kunder samtidigt som du fortsätter att utvecklas inom ditt kompetensområde. Vi är mycket måna om att du ska trivas hos oss och på ditt uppdrag. ...
30483849,Servicekoordinator för studenter,Devotum AB,sv,True,,,,,,För vår kunds räkning söker vi just nu en student Stockholm. Uppdraget är en behovsanställning och förväntas starta 2026-01-28 och pågå till och med 2026-01-27.  Om uppdraget Kund är i behov av en vikarierande servicekoordinator som kan hoppa in akut vid sjukdom.  Beskrivning av uppdraget/rollen   D...
30483837,Driftledare,Iss Facility Services AB,sv,True,,,,,,"ISS är ett av världens största tjänsteföretag och snart firar vi 80 år i Sverige! Med över 6500 medarbetare i landet, från norr till söder, levererar vi service som gör skillnad. Vi erbjuder våra kunder allt från städning till teknisk service, mat- och arbetsplatstjänster. Vi skapar arbetsplatser dä..."
30483599,Uppdragsledare inom IT till underrättelsesystem,Polismyndigheten,sv,True,,,,,,Vill du bidra i arbetet vid framtagandet av underrättelsetjänstens system och förhindra grov organiserad brottslighet? Arbetsplatsbeskrivning Till gruppen Underrättelsesystem söker Polismyndigheten nu en erfaren uppdragsledare. Som anställd på IT-avdelningen är du delaktig i ett viktigt samhällsuppd...
30483717,Product Manager,Legora AB,en,False,,,,,,"The role As a Product Manager at Legora, you will own the product vision and drive the development of solutions that create real value for our customers. You’ll work at the intersection of business, tech, and design in a fast-moving B2B environment, with significant influence over both strategy and ..."
30483720,QA Professional,Comstream AB,en,False,,,,,,"Our client is transforming the way companies use video for B2B communication. Video has long been a powerful tool, but creating and distributing it at scale has traditionally been too complex and costly. This company is changing that — offering plug-and-play video creation and distribution tools, in..."
30483656,Business Controller ,SJR in Sweden AB,sv,True,,,,,,"Som Business Controller med minst ett års erfarenhet av prognos, budget och forecast tar du nu nästa steg i karriären – där du verkligen får påverka, utvecklas och göra avtryck.  Om tjänsten Nu söker vi på SJR dig som vill jobba som konsult hos våra kunder. Vi har just nu en stor efterfrågan på dess..."
30483563,Senior Projektledare - IT,A-Talent Tech Management Sweden AB,sv,True,,,,,,Senior Projektledare – IT-transition & Digitala Arbetsplatstjänster  Konsultuppdrag med start i februari. Vi söker en erfaren och senior projektledare för ett strategiskt konsultuppdrag hos en större organisation. Uppdraget omfattar att leda och driva transitionen av Digitala Arbetsplatstjänster enl...
30482511,"Senior Contract Manager, Stockholm",Aurora Construction Consultancy AB,en,False,,,,,,"We are seeking a highly skilled Senior Contract Manager to join our growing team in Stockholm.   At Aurora Construction Consultancy, you’ll be part of a fast-paced, quality-driven environment that values collaboration, autonomy, and international standards of delivery. In this senior role, you will ..."
30483542,Payroll Operations Specialist – Stockholm,MultiMind Bemanning AB,en,False,,,,,,"We are now looking for an experienced Payroll Operations Specialist for one of our clients, a global and well-known company. The position is based in Stockholm and offers the opportunity to work in a fast-paced international environment. This is a consulting assignment (temporary position) with a st..."
30483480,Boendestödjare till Järva boendestöd,Stockholms kommun,sv,True,,,,,,"Stockholm – vår huvudstad med miljoner drömmar, förväntningar och ambitioner. Vi jobbar för alla som lever här idag och i framtiden. Nu söker vi dig som vill tänka stort, nytt och annorlunda med oss – för stockholmarna.    Välkommen till oss  Järva boendestöd har ca 25 medarbetare som ger insatser..."
30483441,Lastbilsmekaniker (Jordbro),Kraftsam Rekrytering & Bemanning AB,sv,True,,,,,,"Vi söker en engagerad lastbilsmekaniker i Stockholm (Jordbro)! Är du en skicklig mekaniker med erfarenhet av tunga fordon? Vill du bli en del av ett starkt team i en växande verksamhet? Då kan detta vara tjänsten för dig! Om rollen: Som lastbilsmekaniker hos oss ansvarar du för service, underhåll oc..."
30483384,Bolagsjurist – uppdrag i centrala Stockholm,Jurek Recruitment & Consulting AB,sv,True,,,,,,För kunds räkning söker vi bolagsjurist under en föräldraledighet fram till sommaren 2027. Har du erfarenhet som bolagsjurist eller från advokatbyrå och söker dig vidare efter spännande utmaningar?  Ditt uppdrag Som bolagsjurist blir du en viktig del av organisationen och ger juridiskt stöd mot orga...
30483312,Business Development Manager till Seriline,Needo Recruitment Sthlm AB,sv,True,,,,,,"Är du en relationsbyggande affärsutvecklare som gillar att vara i centrum? Trivs du med att arbeta från första kontakt till affär och långsiktigt partnerskap? Trivs du med att utbilda, utmana och utveckla kunder i tekniskt avancerade lösningar? Då är detta rollen för dig!   Om Seriline  Seriline är ..."
30483063,EU-samordnare för hälsopolitiska frågor på Socialdepartementet,Regeringskansliet,sv,True,,,,,,"Enheten för EU- och internationella frågor, Socialdepartementet Vill du bidra till samordning och utveckling av EU-frågor på Socialdepartementet? Har du erfarenhet av arbete med EU-frågor eller internationella frågor och har arbetat med samordnande uppgifter? Trivs du med omväxlande och komplexa upp..."
30482952,GIS - specialist,Statens Fastighetsverk,sv,True,,,,,,"Det är på regeringens uppdrag som Statens fastighetsverk (SFV) förvaltar vårt gemensamma natur- och kulturarv. Vi förvaltar en mångfald av statligt ägda fastigheter – däribland regeringsbyggnader, domstolar, slott och kungsgårdar, teatrar, museer, ambassader samt en sjundedel av landets yta beståend..."
30482937,Operatör - Museum Stckholm,Tempest Security Sverige AB,sv,True,,,,,,"Operatör – Museum Stockholm Väktare med inriktning på operatörsarbete  Vi har fortfarande lediga tjänster! Vill du arbeta i en roll där säkerhet, teknik och service samverkar i en unik miljö? Vi söker nu väktare med inriktning på operatörsarbete till vår bevakningscentral hos kund inom museiverksamh..."
30482843,Business Support Specialist – Sales to Contract (Senior level),Quattro Bemanning & Rekrytering AB,en,False,,,,,,Description We are now looking for an experienced Business Support Specialist – Sales to Contract for an exciting consulting assignment with a large organization within the construction and infrastructure sector. You will be part of a product team supporting the business in operational processes and...
30482808,Senior Software Engineer,Legora AB,en,False,,,,,,"The role As a Senior Software Engineer at Legora you will build, review and ship amazing products helping legal professionals all over the world in their day-to-day job. You’ll get the chance to work across the entire tech stack with clear ownership and autonomy. What you will be doing: Architect an..."
30482794,Förvaltningsledare IT,Ideella Fören Handelsanställdas Förbund Med Firm,sv,True,,,,,,"Förvaltningsledare IT – Vi söker dig med rätt personliga egenskaper! Vill du vara med och utveckla Handels IT-miljö och skapa värde för våra medlemmar? Vi söker en förvaltningsledare som brinner för struktur, kvalitet och samarbete. Hos oss är dina personliga egenskaper det som väger tyngst då vi tr..."
30482768,Resande säkerhetstekniker till Telehantering,Kraftsam Rekrytering & Bemanning AB,sv,True,,,,,,Vill du ha ett omväxlande arbete där du får resa runt i Sverige och arbeta med teknik som gör skillnad?  Telehantering söker nu en engagerad och kvalitetsmedveten säkerhetsteknik som vill vara med och stärka vår organisation för framtidens behov. Om företaget Telehantering är en erfaren aktör inom t...
30482746,Facklig rådgivare,Ideella Fören Handelsanställdas Förbund Med Firm,sv,True,,,,,,"Vill du vara med och skapa en rättvisare arbetsmarknad? Vi söker nu en engagerad facklig rådgivare till vårt kunniga team i Stockholm. Som rådgivare hos oss får du chansen att stötta och vägleda våra medlemmar i deras arbetsliv, i allt från lön och arbetstider till försäkringar, uppsägning och arbet..."
30482616,Gruppledare till Enheten för beroende och socialpsykiatri,Stockholms kommun,sv,True,,,,,,"Stockholm – vår huvudstad med miljoner drömmar, förväntningar och ambitioner. Vi jobbar för alla som lever här idag och i framtiden. Nu söker vi dig som vill tänka stort, nytt och annorlunda med oss – för stockholmarna.  Bromma stadsdelsförvaltning erbjuder dig en arbetsplats där dina insatser verkl..."
30482601,Larmoperatörer till vår SOC,Tempest Security Sverige AB,sv,True,,,,,,"Larmoperatör till vår SOC SOC (Security Operations Center) – Deltid & Behovsanställning  Om tjänsten Vi söker engagerade och serviceinriktade larmoperatörer för deltid och behovsanställning. Tjänsten innebär arbete dag, kväll och natt i vår moderna SOC på Kungsholmen. Hos oss blir du en viktig del a..."
30482584,Senior IT Transformation Lead (Sunsetting & Decommission),Avaron AB,sv,True,,,,,,"Om företaget Avaron AB är ett växande konsultbolag med fokus på teknik, finans och verksamhetsstöd. Vi matchar din spetskompetens med marknadens mest intressanta uppdrag och erbjuder en plattform där din utveckling står i centrum. Om uppdraget Du kliver in i ett större strategiskt transformationspro..."
30482516,Spårsvetsare till Stockholm,Aura Personal AB,sv,True,,,,,,"Aura Train & Rail är ett nytt och nischat affärsområde inom Aura Personal, skapat för att möta tåg- och järnvägsbranschens växande behov av rätt kompetens – här och nu, och över tid. Just nu söker vi Spårsvetsare med placering i Stockholm!   Som spårsvetsare arbetar du i team med underhåll och nybyg..."
30482491,Backend Developer,Avaron AB,en,False,,,,,,"About the Company Avaron AB is a growing consultancy focused on technology, finance, and business support. We match your expertise with the market's most interesting assignments, offering a platform where your professional development is central. About the Assignment You will join a cross-functional..."
30482453,Domänarkitekt nätverk,Försvarets Materielverk,sv,True,,,,,,Har du erfarenhet av att designa och vidareutveckla säkra och stabila nätverkslösningar? Är du den nyfikna personen som gillar utmaningar? Har du viljan och förmågan att ständigt lära nytt och vara med att utveckla oss och dig själv? Vill du arbeta med en avancerad nätverksinfrastruktur i en organis...
30482429,Produktionsmedarbetare,Randstad AB,sv,True,,,,,,Arbetsbeskrivning Vi söker en driven person som vill växa i en roll med stort ansvar för flöde och noggrannhet. Du kommer att arbeta i en strukturerad miljö där ordning och reda är en förutsättning för framgång. Tjänsten erbjuder en möjlighet för dig som vill bygga på din erfarenhet och utvecklas i ...
30482403,Senior Projektledare Transition & Transformation,Avaron AB,sv,True,,,,,,"Om företaget Avaron AB är ett växande konsultbolag med fokus på teknik, finans och verksamhetsstöd. Vi matchar din spetskompetens med marknadens mest intressanta uppdrag och erbjuder en plattform där din utveckling står i centrum. Om uppdraget Vi söker en senior projektledare som kan planera, koordi..."
30482397,Data Engineer,CDON AB,en,False,,,,,,"Want to be a key player building and operating the technical data foundation behind one of the Nordics’ most well-known e-commerce marketplaces? At CDON Group, data is a critical asset used across the entire organization, but also as a foundation for integrations, automation, and future AI-driven us..."
30482381,Transportchef till Åhléns DC Rosersberg,Åhléns AB,sv,True,,,,,,"Om din roll Som Transportchef ansvarar du för att våra transportflöden (intransporter och uttransporter och last mile) fungerar effektivt, säkert och kostnadseffektivt. Du säkerställer att våra speditörer och transportörer levererar enligt överenskomna ledtider, priser och kvalitetskrav samt att tul..."
30482143,Production Assistant,Flexijuice AB,en,False,,,,,,"FLEXIJUICE AB trades in hand-squeezed juices and non-alcoholic beverages. We are looking for a machine operator to oversee the production of our products. Health & Safety In the food industry, hygiene and quality are extremely important areas. Your safety is very important and we work according to r..."
30482214,IT Operations Manager,CDON AB,en,False,,,,,,"Want to be the key player keeping one of the Nordics' most well-known e-commerce marketplaces running smoothly, every single day? At CDON Group, our Stockholm office brings together developers, product teams, sales, customer service, and leadership, all depending on IT infrastructure that just works..."
30482102,Analytics Engineer,CDON AB,en,False,,,,,,"Want to be the key player building and shaping the data foundation behind one of the Nordics’ most well-known e-commerce marketplaces?  At CDON Group, data is a critical asset used across the entire organization — from product and marketing to finance and merchant success. We’re now rebuilding and m..."
30482011,Part-Time E-bike Delivery Rider – Evening Job in Stockholm City,Velove Bikes AB,en,False,,,,,,"Looking for a part-time   job in Stockholm that’s active, rewarding, and offers growth opportunities? If you’re passionate about sustainability and want to make a difference in the city, come ride with Velove as an E-Bike Delivery Rider! We are looking for Someone who enjoys being outdoors and stayi..."
30481896,Workday Payroll Integration Specialist (Consultant),Soros Consulting AB,en,False,,,,,,"We are looking for an experienced Workday Payroll Integration Specialist to join a global HR Tech environment in a hands-on consulting role. In this assignment, you will design, build, and maintain outbound payroll integrations from Workday to external payroll vendors across multiple countries, syst..."
30481905,Projektcontroller - interim,Eclipse Sverige AB,sv,True,,,,,,Till vår kund som arbetar med verksamhetskritisk infrastruktur söker vi en Projektcontroller för ett långt konsultuppdrag. Vår kunds controllerorganisation stöttar idag bolagets respektive affärsområde. Antalet nya projekt växer och därför söker vi en Projektcontroller. Rollen Som Projektcontroller ...
30481232,Nordic Fraud Analyst,Avida Finans AB (Publ),en,False,,,,,,"Are you passionate about fighting financial crime and making a real impact? As a Nordic Fraud Analyst at Avida, you will play an active role in shaping and enhancing our fraud prevention processes, routines, and frameworks. This is a unique opportunity to influence how fraud prevention is structured..."
30481822,Trädgårdsarbetare säsongsanställning,JM AB,sv,True,,,,,,"Nu söker vi två engagerade medarbetare till vår Mark- och Trädgårdsavdelning för säsongsanställning inom trädgårdsskötsel. Om tjänsten Tjänstens huvudsakliga uppgifter är grönyteskötsel så som ogräsrensning, gräsklippning, beskärning, bevattning och planteringsarbete. Mark- och Trädgårdsavdelningen ..."
30481548,Almia söker geriatriksjuksköterska till Stockholm,Almia AB,sv,True,,,,,,"Gör det som du älskar, som konsult! Kvalifikationer Vi söker dig med minst två års erfarenhet. Vi ser gärna att du som konsult har god samarbetsförmåga, är noggrann, och ansvarstagande. Arbetsuppgifter Som geriatriksjuksköterska hos Almia får du chansen att arbeta ute hos våra kunder med varierande ..."
30481453,Handläggare/Jurist till Förvaltningsavdelningen,Regeringskansliet,sv,True,,,,,,"Rättssekretariatet, Förvaltningsavdelningen Vill du bidra med din kompetens genom att ge kvalificerat stöd i frågor som rör bland annat utlämnande av allmänna handlingar samt offentlighet och sekretess? Har du en stark servicekänsla, god kommunikativ förmåga och trivs med att samarbeta med andra? Ho..."
30481439,Underhållsmekaniker | Another Snus Factory | Kungsängen,Lernia Bemanning AB,sv,True,,,,,,Vill du arbeta med avancerad finmekanik i en växande och innovativ produktionsmiljö? Hos Another Snus Factory får du en nyckelroll i underhållsteamet där du arbetar med toppmoderna snusmaskiner i en växande och innovativ produktionsmiljö. Vi söker nu en erfaren produktionsmekaniker som vill vara med...
30481309,Redovisningsekonom till statlig myndighet i Stockholm,Novare Bemanning AB,sv,True,,,,,,"Är du redovisningsekonom med statlig erfarenhet? Drivs du av att skapa förändring och nå uppsatta mål? Då har vi en möjlighet för dig! Just nu söker vi en erfaren redovisningsekonom till statlig myndighet i Stockholm.  För att lyckas med just din ansökan, tror vi på ett starkt samarbete som gör att ..."
30481264,Mejeri-Chaufförer CE Natt! till norra Stockholm,WeStaff Sweden AB,sv,True,,,,,,"WeStaff Sweden är ett växande konsult- och rekryteringsföretag i Sverige. Vi bemannar nu upp vår kund norr om Stockholm.  Vill du vara delaktig i ett gäng med trevliga kollegor?  Detta är riktigt bra distributions jobb. Fasta scheman deltid/extra, på sikt även heltid.  Utbildning startar i januari-2..."
30481144,Backend developer,Professional Galaxy AB,en,False,,,,,,"Professional Galaxy is an IT and technology consulting company that provides highly specialized expertise within IT, software development, SAP, purchasing, electronics and mechanical design. We collaborate with experienced senior experts and deliver strategic value-creating expertise to some of Swed..."
30481118,Business Performance Analyst,Embark Studios AB,en,False,,,,,,"As a Business Performance Analyst at Embark, you'll work with Data Scientists, Commercial team and key stakeholders to boost engagement, retention, and monetization of our games across different platforms, providing insights and recommendations. We are looking for a gaming enthusiast with business a..."
30480986,Handläggare med fokus på kommunikation,Stockholms kommun,sv,True,,,,,,"Stockholm – vår huvudstad med miljoner drömmar, förväntningar och ambitioner. Vi jobbar för alla som lever här idag och i framtiden. Nu söker vi dig som vill tänka stort, nytt och annorlunda med oss – för stockholmarna.    Vill du bidra till att göra information tydlig, tillgänglig och enkel att a..."
30481049,Postdoktor i aerosoltransport inom polarområdena,Stockholms Universitet,sv,True,,,,,,"Meteorologiska institutionen vid Stockholms universitet (MISU) bedriver forskning och undervisning som spänner över atmosfären, oceanen, och fysiskt baserad klimatvetenskap.  Vi erbjuder utbildningsprogram på kandidat-, master-, och forskarnivå. Vår forskning söker svar på grundläggande frågor om ..."
30480963,Barnvakt Nanny Södermalm 2 ggr/v,2007 Nannynu AB,sv,True,,,,,,"Om Nannynu! / About Nannynu! Vi är ett av Sveriges största, första och mest prisbelönta barnvaktsföretag och stolta över att ha bra villkor i linje med kollektivavtal för alla våra anställda barnvakter. Vi tror på att leverera barnvakter i världsklass och då vi är ett växande företag söker vi nu Dig..."
30480915,Skiftledare,Scandinavian Service Partner AB,sv,True,,,,,,"Med verksamhet i nästan 40 länder, över hela världen, är vårt syfte att vara den bästa delen av resan. Oavsett om våra kunder flyger utomlands på semester, åker på affärsresa eller pendlar till jobbet med tåg, strävar vi efter att erbjuda dem mat- och dryckesupplevelser som uppfyller deras många oli..."
30480940,Senior Projektör – Fiber & Ledningssamordning - Eltel,Studentconsulting Sweden AB (Publ),sv,True,,,,,,"Eltel söker nu en mycket erfaren projektör till sitt team i Bromma, med djup kompetens inom projektering av storskaliga fiber- och lågspänningsnät i komplexa miljöer.  Eltel är en ledande aktör i Norden inom el- och fiberinfrastruktur och spelar en viktig roll i utvecklingen av ett mer uppkopplat oc..."
30480823,"Farmaceut till Apotek Hjärtat, Skanstull",Apotek Hjärtat AB,sv,True,,,,,,Är du legitimerad farmaceut och är redo för din nästa utmaning? Vill du vara en del av en organisation där du kommer att ha ett nära samarbete med ditt team och stora möjligheter att utvecklas i olika roller? Välkommen till Apotek Hjärtat! Om jobbet som farmaceut på Hjärtat Som farmaceut på Hjärtat ...
30480785,HR-administratör till globalt bolag,Academic Work Sweden AB,sv,True,,,,,,"Vår kund, ett dynamiskt och framåtblickande företag, söker nu dig som är en driven HR-student i början av din karriär. Detta är en unik möjlighet att få en enastående start på din professionella bana, arbeta nära erfarna kollegor och bidra direkt till organisationens utveckling och globala expansion..."
30480769,HR-Specialist med inriktning arbetsrätt till Academic Work,Academic Work Sweden AB,sv,True,,,,,,Vi söker en expert inom arbetsrätt för att stötta chefer i komplexa ärenden. Din specialistkunskap driver vår framgång och bygger meningsfulla karriärer!  OM TJÄNSTEN  Som HR-specialist med inriktning mot arbetsrätt är ditt huvuduppdrag att ge kvalificerat stöd för att säkerställa regelefterlevnad o...
30480624,Sommarvikariat som kundtjänstmedarbetare till Stockholm city,Trafikverket,sv,True,,,,,,"På Trafikverket är du med och bidrar till ett samhälle som fungerar - idag och i framtiden. Genom vårt arbete med infrastruktur påverkar vi människors vardag i hela Sverige. Som sommarjobbare hos oss får du värdefull arbetslivserfarenhet, knyter nya kontakter och skaffar referenser, samtidigt som du..."
30480640,Ready to work for real? Get in touch – we’re hiring continuously.,Anne Blom Städ & Service AB,en,False,,,,,,"Want a job with real security, wellness benefits, and your salary paid on time? Then stop scrolling – Anne Blom Städ & Service delivers. No fuss. Here’s what you get: Competitive salary﻿ – fixed monthly pay under a union agreement 27 968 SEK/month Industry experience bonus – up to 1,500 SEK/month Dr..."
30480619,Customer Services Representative på deltid till HoistSpar,Charlie AB,sv,True,,,,,,Är du en engagerad och flexibel person som vill arbeta deltid med kunder i fokus? Har du även tidigare erfarenhet av kundsupport och att arbeta i en föränderlig miljö? HoistSpar söker nu energisk Customer Services Representative på deltid till deras Team i Stockholm med start omgående!  Du kommer at...
30480613,Senior Accounting specialist,Scania CV AB,en,False,,,,,,"At TRATON Charging Solutions, we believe in the power of collaboration—where the whole truly becomes greater than the sum of its parts. Together with TRATON Group brands, we are shaping the future of commercial transport with sustainable and innovative charging solutions. As a strategic investment o..."
30480372,gNodeB Architecture Realization (778856),Ericsson AB,en,False,,,,,,"Join our Team About this opportunity:    We are seeking an experienced and forward thinking gNodeB/NodeB Architecture Realization expert to join a medium sized, open culture team focused on shaping the future of RAN compute platforms. In this role you will influence decisions on future technology an..."
30480326,Rondväktare till Securitas Stockholm Nord - Sommarjobb,Securitas Sverige AB,sv,True,,,,,,"Företagsbeskrivning Securitas har en viktig roll i samhället och förvaltar ett av Sveriges viktigaste uppdrag - att skydda och hjälpa människor att känna sig trygga. Nu har du chansen att bli en del av Sveriges största säkerhetsföretag. Oavsett om du vill jobba mycket eller lite, dag eller natt så b..."
30480295,Senior ASIC Verification Engineer to our R&D site in Stockholm,Axis Communications AB,en,False,,,,,,Do you want to work with advanced ASIC development in the forefront of technology? Are you ready to join a team responsible for the very heart of the Axis products - the ARTPEC SoC chip - where your contribution really matters and where team collaboration is the way to success? We are now looking fo...
30480230,Sjuksköterska - vårdcentral,Operationskonsulterna Stockholm AB,sv,True,,,,,,Att arbeta som sjuksköterska hos oss: Som sjuksköterska hos Operationskonsulterna kommer du i detta uppdrag att få arbeta på en vårdcentral i Stockholm. Du behöver vara trygg i din yrkesroll och ha erfarenhet av att arbeta som sjuksköterska på en vårdcentral.     Arbetstid: dagtid Period: v.6-9     ...
30480141,IT driven teamkonsultchef,Medcura AB,sv,True,,,,,,"Vill du kombinera ledarskap, affärsutveckling och operativt arbete i en snabbväxande organisation? Då är det här rollen för dig. Medcura växer och söker nu en konsultchef med tydlig teamleader-profil. Vi är ett familjärt och engagerat bemanningsföretag inom vårdsektorn, beläget på Sturegatan i centr..."
30480147,Content Moderator / Community Manager,Jobbusters AB,en,False,,,,,,"Your New Role  We are looking for a Content Moderator / Community Manager to join a creative and fast-growing creators program within the gaming industry. In this role, you will be a key contributor to ensuring high-quality user-generated content while supporting and engaging with a passionate globa..."
30480088,SAP Tekniker,MRC Bemanning AB,sv,True,,,,,,"Välkommen till MRC Bemanning– bemanning och konsultlösningar för framtiden Vi är ett bemannings- och konsultföretag som arbetar brett över flera branscher. Vår drivkraft är att matcha rätt kompetens med rätt uppdrag, oavsett om det handlar om teknik, administration, ekonomi, logistik eller andra omr..."
30479984,Copy of Barnpassare - Hemfrid (Extrajobb),Hemfrid i Sverige AB,sv,True,,,,,,"Hemfrid söker erfarna barnpassare till våra kunder i Stockholm! 👶🧸 Hemfrid är Sveriges största företag inom hemstädning. Vi hjälper våra kunder med tjänster i hemmet så som städning, fönsterputs, flyttservice och mycket annat. Just nu söker vi barnpassare till våra kunder i Stockholm! Vi söker dig s..."
30479967,Vikarierande lärare i engelska och språkval svenska/engelska,Stockholms kommun,sv,True,,,,,,"Stockholm – vår huvudstad med miljoner drömmar, förväntningar och ambitioner. Vi jobbar för alla som lever här idag och i framtiden. Nu söker vi dig som vill tänka stort, nytt och annorlunda med oss – för stockholmarna.    Arbetsplatsbeskrivning   Den 10 januari 2023 öppnade vi äntligen portarna f..."
30479906,Väktare till Citygruppen Securitas Stockholm - sommarjobb,Securitas AB,sv,True,,,,,,"Företagsbeskrivning Securitas har en viktig roll i samhället och förvaltar ett av Sveriges viktigaste uppdrag - att skydda och hjälpa människor att känna sig trygga. Nu har du chansen att bli en del av Sveriges största säkerhetsföretag. Oavsett om du vill jobba mycket eller lite, dag eller natt så b..."
30479872,Stationär väktare till Securitas Stockholm syd - sommarjobb,Securitas AB,sv,True,,,,,,"Företagsbeskrivning Securitas har en viktig roll i samhället och förvaltar ett av Sveriges viktigaste uppdrag - att skydda och hjälpa människor att känna sig trygga. Nu har du chansen att bli en del av Sveriges största säkerhetsföretag. Oavsett om du vill jobba mycket eller lite, dag eller natt så b..."
30479829,Platschef Betong,Futuria People AB,sv,True,,,,,,Är du en platschef/erfaren arbetsledare som har erfarenhet av prefabricerade betongkonstruktioner och har kvalificering i Betongklass 1 (minst Betongklass 2)? Då kan detta vara nästa steg i din karriär! Vår kund är en etablerad aktör inom bygg- och infrastrukturbranschen med verksamhet i Finland och...
30479843,Personlig assistent sökes till en kille i Hägersten,Nordström Assistans AB,sv,True,,,,,,Nu söker vi på Nordström Assistans Dig som har hjärtat på rätt ställe och som vill tillgodose en människas liv med särskilda insatser. Vad innebär tjänsten?   Jag är en glad och social kille på 23 år som bor i Hägersten. Jag har en cp-skada och sitter i rullstol. Jag har inget tal men kommunicerar m...
30479760,Ordningsvakter till Securitas Stockholm - sommarjobb,Securitas AB,sv,True,,,,,,"Företagsbeskrivning Securitas har en viktig roll i samhället och förvaltar ett av Sveriges viktigaste uppdrag - att skydda och hjälpa människor att känna sig trygga. Nu har du chansen att bli en del av Sveriges största säkerhetsföretag. Oavsett om du vill jobba mycket eller lite, dag eller natt så b..."
30479758,Administratör till försäkringsbolag i City,SJR in Sweden AB,sv,True,,,,,,Nu tillsätter vi på SJR en Administratör inom området pensionsflytt. Vår kund är ett av Sveriges snabbast växande pensionsbolag. Vill du hjälpa människor genom att leverera enkla och flexibla pensions- och sparlösningar som möjliggör att fler människor får en tryggare och bättre framtid? Då är denna...
30479732,Utbildare för blivande processoperatörer,Clockwork Bemanning & Rekrytering AB,sv,True,,,,,,Om oss Clockwork Skolbemanning & Rekrytering är företaget med mångårig erfarenhet av skolverksamhet. Vi bistår huvudmän och skolledare över hela landet med bemanning och rekrytering av all skolpersonal – från förskola till yrkeshögskola. Vi arbetar mot samtliga skolformer och kan genom goda samarbet...
30479704,Arbetsledare och ställföreträdande till mobila ordningsvakterna,Avarn Security AB,sv,True,,,,,,En ordningsvakt arbetar på offentliga platser där många människor är i rörelse. Därför är det viktigt att klara många intryck och ha hög social kompetens. Trivs du i rollen som ordningsvakt och vill vara en del av den ledande aktören i branschen? Vill du utvecklas till någonting mer? Bli vår nya Arb...
30479724,Quality Assurance (Process Executor),Professional Galaxy AB,en,False,,,,,,"Professional Galaxy is an IT and technology consulting company that provides highly specialized expertise within IT, software development, SAP, purchasing, electronics and mechanical design. We collaborate with experienced senior experts and deliver strategic value-creating expertise to some of Swed..."
30479645,Business Developer till Coromatic,Coromatic AB,sv,True,,,,,,Vill du vara med och driva strategiska utvecklingsinitiativ i en internationell koncern? Coromatic Group söker en Business Developer till vårt team Strategy & Transformation – en nyckelroll för att forma framtidens affärsstrategi och operativa modell.  Om rollen  Som Business Developer blir du en ce...
30479534,Senior Software Developer (Network Infrastructure),H & M Hennes & Mauritz Gbc AB,en,False,,,,,,"Job Description WHAT YOU’LL DO  We’re looking for a Senior Software Developer with Network automation experience,  to join our Networking team and help automate and optimize global network infrastructure. In this role, you’ll build tools and platforms that enhance visibility, resilience, and deploym..."
30479516,SSAB - Solutions Expert,SSAB Emea AB,en,False,,,,,,"Becoming part of the SSAB family means joining a journey. A journey that we believe is essential for the sustainability of this planet. Steel has been one of the most important materials for developing our society and it will continue to be so. In the roofs over our heads, in the bridges connecting ..."
30479345,Strateg med inriktning avtalsförvaltning till Äldreförvaltningen,Stockholms kommun,sv,True,,,,,,"Stockholm – vår huvudstad med miljoner drömmar, förväntningar och ambitioner. Vi jobbar för alla som lever här idag och i framtiden. Nu söker vi dig som vill tänka stort, nytt och annorlunda med oss – för stockholmarna.  Äldreförvaltningen ansvarar för kommunövergripande frågor rörande äldreomsorg, ..."
30479273,Demand Planner - B2B,Rekryteringsgruppen i Stockholm AB,en,False,,,,,,"About the Role: Join LGE Nordic’s Home Solutions team in Stockholm as a Demand Planner. This consultant role offers the potential for permanence and provides a dynamic opportunity to manage supply chains, forecast demand, and optimize stock for our home appliances. Be at the forefront of ensuring th..."
30479181,Live-Ops Specialist,Goals AB,en,False,,,,,,"We are building the next generation of football gaming   We believe football gaming should be as exciting and inclusive as the sport itself. Our vision is to build the world’s most player-centric football game, which empowers a global community to compete, create, and connect. No outdated licenses. ..."
30479123,Uppdragschef,Humana AB,sv,True,,,,,,"Drivs du av att arbeta med människor? Vill du vara spindeln i nätet i det viktiga arbetet att samordna personlig assistans och bidra till vår vision ""Alla har rätt till ett bra liv""? Då är detta något för dig. Vi på Humana söker nu en engagerad och driven uppdragschef till vårt Stockholmskontor. Om ..."
30478975,Serviceinriktad medarbetare till Stockholm,Entreprenad Partner i Stockholm AB,sv,True,,,,,,"Letar du efter ett jobb där service, administration och mötet med människor står i centrum? Då kan detta vara rollen för dig! Om tjänsten Vi söker en noggrann och serviceinriktad administratör till ett längre uppdrag hos en av Umeås större arbetsgivare. 📍 Placering: Stockholm City  🕒 Omfattning: Hel..."
30478957,Verksamhetschef sökes till Unika LSS Skarpnäcks avtalsområde,Unika LSS Omsorg Sverige AB,sv,True,,,,,,"Om jobbet Vi söker nu en verksamhetschef till Unika LSS, Petrejusvägen och Åstorpsringens gruppbostäder inom Skarpnäcks avtalsområde. Vi ser fram emot att välkomna en ny kollega och verksamhetschef för två av våra fina gruppbostäder. Unika LSS bedriver sedan 2023 fem gruppbostäder inom Skarpnäcks en..."
30478906,Två verksamhetschefer till Aleris Ögon,Aleris Sjukvård AB,sv,True,,,,,,Är du en trygg ledare med skarp blick för framtiden? Vill du vara med och bygga upp framtidens ögonsjukvård – från grunden? Aleris söker nu två verksamhetschefer som får ett avgörande uppdrag: att leda våra nya specialistmottagningar inom ögonvård i Region Stockholms områden Nordväst och Sydost. Det...
30478880,Infrastrukturarkitekt till IT-avdelningen på Karolinska Institutet,Karolinska Inst,sv,True,,,,,,"Vill du vara med och forma framtidens digitala forskningslandskap? Vi söker en engagerad och driven IT arkitekt med fokus på IT-infrastruktur.  Karolinska Institutet är ett av världens ledande medicinska universitet med vision att driva utveckling av kunskap om livet och verka för en bättre hälsa ..."
30478789,Home cleaner to Freska!,Freska Sweden AB,en,False,,,,,,Do you have experience in home cleaning and want to work within a company that gives the opportunity to grow and develop? Or are you in the beginning of your career and want to work in a company that offers high quality training and a safe employment? Apply to become one of our amazing home cleaners...
30478824,Join Freska as a Home Cleaner  Work Thursday and Friday!,Freska Sweden AB,en,False,,,,,,Join Freska as a Home Cleaner – Work only Thursday and Friday! Do you have experience in home cleaning and want to work in a company that offers opportunities to grow and develop? Or are you at the beginning of your career and looking for high-quality training and a secure job? We are now looking fo...
30478421,SAP BASIS Administrator,Hays AB,en,False,,,,,,"SAP BASIS Consultant with S/4HANA Expertise and strong SAP BTP Skills  Type of employment: Contract  Start: ASAP, End: 2026-06-30Allocation: 100% Location: Within the EU Way of working: Fully remote Language: English (Swedish is nice to have) Seniority: Medior (up to 6 years)   Duties:   * Provision..."
30478391,Däckmontörer sökes till CT Däck AB/Guson Däck i Bromma (Däckteam),Northern Skill AB,sv,True,,,,,,Däckmontörer sökes till CT Däck AB/Guson Däck i Bromma en del av Däckteam inför vårens högsäsong. Vi söker dig som har tidigare erfarenhet av däckskifte och trivs i en strukturerad verkstadsmiljö med högt tempo och tydliga rutiner. Arbetsuppgifter Skifta däck med hög precision   Köra in och ut kundb...
30478387,Däckmontörer sökes till Däckbutiken Stockholm AB (Däckteam),Northern Skill AB,sv,True,,,,,,Däckmontörer sökes till Däckbutiken Stockholm AB en del av Däckteam inför vårens högsäsong. Vi söker dig som har tidigare erfarenhet av däckskifte och trivs i en strukturerad verkstadsmiljö med högt tempo och tydliga rutiner. Arbetsuppgifter Skifta däck med hög precision   Köra in och ut kundbilar i...
30478362,Verksamhetsutvecklare inom återbetalning i Stockholm,Försäkringskassan,sv,True,,,,,,"Varje år fattar Försäkringskassan 21 miljoner beslut som påverkar människors liv och hela samhället. Vi betalar ut cirka 260 miljarder kronor varje år. Det är allas skattepengar vi har hand om. Det är ett stort ansvar. Därför sätter vi oss in i varje ärende, följer lagar och regler, informerar och v..."
30478260,Mjukvaruarkitekt / Developer Lead till Precio Fishbone,Academic Work Sweden AB,sv,True,,,,,,"Är du en erfaren IT-arkitekt som brinner för att omsätta komplexa verksamhetsbehov till skalbara, hållbara och säkra tekniska lösningar? Hos Precio Fishbone får du möjlighet att ta helhetsansvar i spännande projekt, där du kombinerar strategiskt tänkande med praktiskt arkitektarbete i nära samarbete..."
30469992,Attunda tingsrätt söker juristpraktikanter hösten 2026,Sveriges Domstolar,sv,True,,,,,,Studerar du till jurist och är nyfiken på notarietjänstgöring och arbete på domstol? Som juristpraktikant hos oss får du en inblick i tingsrättens olika arbetsuppgifter och en allmän träning i praktisk juridik. Attunda tingsrätt söker studerande från juristprogrammet för praktik under hösten 2026. F...
30478256,3451 Köksmästare och Chefskock,Lilla Hasselbacken AB,sv,True,,,,,,"Lilla Hasselbacken Restaurant * Café * Wärdshus anno 1866 – är en året runt öppen restaurang som serverar frukost,lunch,middag,kafferep,bar, live jazz, grill mm. Profilen är svensk mat med internationella inslag. Fullständiga rättigheter.  Långa dagar med sena öppettider. Öppet varje dag året runt s..."
30478201,Data Engineer,Think. Done. AB,en,False,,,,,,"We are looking for a data warehouse developer who provides technical services related to IT analysis, design, build, testing and integration of all components of the Data Warehouse solution in conjunction with other project team members on a specific client engagement. This person shall also play a ..."
30478167,Serveringspersonal till Pressklubben!,Vasagatan 50 Restaurang AB,sv,True,,,,,,Internationella Pressklubben är en restaurang där kökschefen presenterar moderna rätter från det svenska och europeiska köket och arbetar med förstklassiga råvaror. På Pressklubben arbetar vi med ett stort dryckessortiment där vi kontinuerligt utbildar personalen på plats och genom resor till Belgie...
30478129,Fleet Associate,Foodora AB,en,False,,,,,,"We're looking for a skilled, motivated, and flexible Fleet Associate within Rider Payments to join our central logistics team. Are you a hands-on person who strives for excellence, development opportunities and wants to make a significant impact on our company’s success? Then this job is for you! WH..."
30478026,VR Snabbtåg söker Produktionsplanerare,VR Sverige AB,sv,True,,,,,,"Om VR Snabbtåg    VR Snabbtåg är ett modernt tågbolag som sedan 2015 trafikerar tågsträckan Stockholm - Göteborg med våra snabbtåg. Sedan starten har vi etablerat oss som den punktligaste tågoperatören på sträckan Stockholm-Göteborg och har, sedan 2016 placerat oss på första plats i Svenskt Kvalitet..."
30478008,Technical Development Manager,Gant AB,en,False,,,,,,"We are seeking a Technical Development Manager in Stockholm to lead innovation and quality across all garment categories. This strategic role requires expert proficiency in CLO3D, Lectra, and PLM, advanced garment construction, fit, and grading knowledge, strong leadership, and a deep understanding ..."
30478018,Principal Patent Specialist (Patent Paralegal),RightHub AB,en,False,,,,,,"Position Overview:  The Principal Specialist for the Patents team under LSS – EU will be responsible for executing routine paralegal and administrative tasks related to patent prosecution and docketing. This includes accurately processing patent-related communications, updating records in IP managem..."
30477855,Stadsbyggnadskontoret söker tillsynshandläggare,Stockholms kommun,sv,True,,,,,,"Stockholm – vår huvudstad med miljoner drömmar, förväntningar och ambitioner. Vi jobbar för alla som lever här idag och i framtiden. Nu söker vi dig som vill tänka stort, nytt och annorlunda med oss – för stockholmarna.  Stadsbyggnadskontoret planerar för ett framtida Stockholm på uppdrag av stadsby..."
30477811,RESEARCHER,Exeger Operations AB,en,False,,,,,,"YOU WILL DO    The Research & Industrialization Division is responsible for pushing the boundary of what is considered possible. We continuously improve all facets of our unique photovoltaic material with our knowledge, expertise and through collaboration with all departments. Development at Exeger ..."
30477792,Senior Software Developer (Java),Tradedoubler AB,en,False,,,,,,"Role overview Do you want to shape how AI systems are built, not just how they are used? We are looking for a Senior Backend Developer (Java) to take a leading role in building the technical foundations that enable AI agents to operate across Tradedoubler. This is a highly autonomous role focused on..."
30477808,Projektkoordinator till PwC,OnePartnerGroup Stockholm AB,sv,True,,,,,,"På PwC hjälper vi våra kunder att bygga förtroende och ställa om sin verksamhet för att öka konkurrenskraften. Vi är ledande inom skatt, revision och rådgivning och är en del av ett globalt nätverk med 370 000 medarbetare i 149 länder. Genom att kombinera vår expertis och erfarenhet med den senaste ..."
30477804,Socialsekreterare till Barnenheten,Stockholms kommun,sv,True,,,,,,"Stockholm – vår huvudstad med miljoner drömmar, förväntningar och ambitioner. Vi jobbar för alla som lever här idag och i framtiden. Nu söker vi dig som vill tänka stort, nytt och annorlunda med oss – för stockholmarna.  Hässelby-Vällingby stadsdelsförvaltning finns i västra Stockholm med närhet til..."
30477677,Chef till Enheten för verksamhetsutveckling,Sveriges Domstolar,sv,True,,,,,,"Som medarbetare på Domstolsverket har du möjlighet att aktivt bidra till utvecklingen inom hela Sveriges Domstolar, som utgörs av ett 80-tal domstolar, myndigheter och nämnder med omkring 7 000 medarbetare. På Domstolsverket arbetar cirka 400 medarbetare med att utveckla och stödja Sveriges Domstola..."
30477675,"Supportspecialist, inriktning administration",Åklagarmyndigheten,sv,True,,,,,,Vill du arbeta med administrativ support i en samhällsviktig verksamhet där du får använda och utveckla din administrativa kompetens? Vi söker nu en support­specialist med tydlig administrativ profil till vår it-avdelning.  Som support­specialist ingår du i enheten för verksamhetsstöd it. Här arbeta...
30477665,Forward Deployed Engineer,Lovable Labs Sweden AB,en,False,,,,,,"TL;DR – We’re looking for an exceptional Forward Deployed Engineer to help build the future of AI-powered software creation. You will be the founding member of our FDE function, working directly with our most ambitious customers to translate impossible ideas into real products. This is a unique oppo..."
30477507,Barnvakt Nanny Östermalm 1-2 ggr/v,2007 Nannynu AB,sv,True,,,,,,"Om Nannynu! / About Nannynu! Vi är ett av Sveriges största, första och mest prisbelönta barnvaktsföretag och stolta över att ha bra villkor i linje med kollektivavtal för alla våra anställda barnvakter. Vi tror på att leverera barnvakter i världsklass och då vi är ett växande företag söker vi nu Dig..."
30477537,IT Systemförvaltningschef,Avaron AB,sv,True,,,,,,"Om företaget Avaron AB är ett växande konsultbolag med fokus på teknik, finans och verksamhetsstöd. Vi matchar din spetskompetens med marknadens mest intressanta uppdrag och erbjuder en plattform där din utveckling står i centrum. Om uppdraget Du blir en del av en stabsfunktion inom Operational Exce..."
30477554,Lagerarbetare för extrajobb till MediCarrier,Bemannia AB (Publ.),sv,True,,,,,,"Är du en erfaren lagerarbetare som vill jobba extra vid sidan av studier eller annat arbete? Trivs du i ett högt tempo och uppskattar struktur, ansvar och lagarbete? Då kan detta vara rätt uppdrag för dig. Om uppdraget I detta uppdrag blir du anställd som konsult via Bemannia och uthyrd till MediCar..."
30477505,Handläggare för arbete med Kulturdepartementets frågor,Regeringskansliet,sv,True,,,,,,"Enheten för språk, nationella minoriteter och arkiv, Kulturdepartementet  Vill du ha omväxlande och intressanta arbetsuppgifter som ställer krav på god samarbetsförmåga och flexibilitet? Är du en engagerad handläggare med intresse för samhällsfrågor som vill arbeta med Kulturdepartementets frågor? H..."
30477516,Backendutvecklare inom IAM,Friday Väst AB,sv,True,,,,,,Miljoner människor använder varje dag vår kunds lösningar för säker inloggning och hantering av digitala identiteter. Företagets Identity & Access Management-lösningar (IAM) är en central del i att skydda digitala tjänster inom både offentlig och privat sektor. Nu söker vår kund en erfaren Back-End-...
30477404,HR-administratör,Regeringskansliet,sv,True,,,,,,Administrativt HR-stöd till chefer och medarbetare inom Regeringskansliet Vill du arbeta i en central och verksamhetsnära roll där du bidrar till att Regeringskansliet fungerar effektivt och rättssäkert? HR Teknologi och Support söker nu HR-administratörer till sektionen HR Support. Hos oss får du m...
30477102,Office manager till Solna centrum,Andara Group AB,sv,True,,,,,,"Nu söker vår kund en Office Manager för kontor beläget vid Solna centrum. Vi söker dig som är serviceinriktad, flexibel och van att snabbt hitta lösningar på varierande behov och frågeställningar som uppstår på kontoret. Du säkerställer hög kvalitet i ditt arbete, siktar högt mot gemensamma och indi..."
30477066,Core Gameplay Designer,EA Digital Illusions CE AB,en,False,,,,,,"Core Gameplay Designer We are looking for an experienced Core Gameplay Designer to join our vehicle team on the next generation of Battlefield. The ideal candidate will have a strong background in gameplay design, balancing, and implementation, as well as a passion for creating engaging and immersiv..."
30476999,CAD-dokumentatör,2Complete AB,sv,True,,,,,,Vi söker en CAD-dokumentatör till ett företag som nu utför ett stort infrastrukturprojekt i Stockholm. Du blir en viktig funktion i flödet mellan design och installation. Drivs du av att följa upp och se till att projekt utförs korrekt då har vi tjänsten för dig.  Vad erbjuder vi? Utveckling Marknad...
30476965,Arbetsledare inom Mark,Prowork Bemanning AB,sv,True,,,,,,Vill du ta nästa kliv i din karriär som arbetsledare och vara en nyckelperson i ett företag som växer snabbt och satsar på sina medarbetare? Vi söker en erfaren och engagerad arbetsledare till vår kund med huvudkontor i Järfälla. Vår kund är ett mark- och anläggningsföretag med starkt fokus på finpl...
30476945,Onsite IT-tekniker | Stockholm | Experis,Experis AB,sv,True,,,,,,"Är du en IT-tekniker som gillar att ta ansvar och lösa problem på plats? Vill du ha en roll där du är den självklara go-to personen för allt som rör IT - mitt i centrala Stockholm? Här får du chansen att arbeta hands-on med teknik, skapa smidiga lösningar och vara en nyckelperson i en dynamisk miljö..."
30476920,Platschef till Stockholms bästa anläggningsföretag,Prowork Bemanning AB,sv,True,,,,,,"Nu rekryterar vi en driven Platschef som vill bli en del av gänget hos en av de mest spännande aktören inom mark- och anläggningsbranschen i Storstockholm! Här finner du ett företag i absoluta framkant, de tar mark konstant och vinner många avtal vilket säkrar jobben många år framöver. Du ansluter t..."
30476861,Projektledare inom anläggning,Prowork Bemanning AB,sv,True,,,,,,"Utvecklande ledarroll i ett expansivt markföretag Vill du ta nästa steg i din karriär som projektledare och bli en nyckelperson i ett företag som växer snabbt och satsar på sina medarbetare? Vi söker en erfaren och engagerad projektledare till vår kund med huvudkontor i Järfälla, där du får möjlighe..."
30476828,Redovisningsekonom till KLP Fastigheter,A Hub AB,sv,True,,,,,,"Om företaget KLP Fastigheter AB är ett helägt dotterbolag till norska KLP Eiendom AS, en av Nordens största fastighetsägare med ett sammanlagt fastighetsvärde om över 105 miljarder kronor. KLP Eiendom AS ägs i sin tur av KLP som är ett av Norges största pensionsbolag med ett förvaltningskapital på d..."
30476786,"Butiksmedarbetare (extrajobb), Delikatess & Bageri, Hemköp Stockholm City",Hemköpskedjan AB,sv,True,,,,,,"Välkommen till Hemköp, vi erbjuder en arbetsplats med familjär stämning och tydliga gemensamma värderingar - kärleken till mat genomsyrar allt vi gör.   Hemköp erbjuder en jämställd arbetsmiljö och hos oss får du en bra balans mellan jobb, fritid och familj.   För Hemköp är mångfald en styrka. Medar..."
30476780,Utredare,Stockholms Universitet,sv,True,,,,,,"Ledningssekretariatet vid Stockholms universitet utgör tillsammans med Planeringssekretariatet och Rättssekretariatet Rektors kansli.  Sekretariatet består av drygt 20 medarbetare. Ledningssekretariatets övergripande uppdrag är att ge direkt stöd till universitetsledningen i såväl operativa lednin..."
30476778,Product Manager,Lovable Labs Sweden AB,en,False,,,,,,"TL;DR - We're looking for a senior level product manager to join the team. In this role, you'll be responsible for leading the development of products end-to-end, from conception through development and rollout. Why Lovable? Lovable lets anyone build software with plain English. From solopreneurs to..."
30476698,Arbetsledare Ban till Stockholm,Infranord AB,sv,True,,,,,,"Vill du vara med och bidra till en mer attraktiv, hållbar och effektiv infrastruktur?   Infranord erbjuder dig ett varierat arbete med omväxlande miljö där du själv kan vara med och påverka din arbetsdag. Med lång erfarenhet, hög kompetens och nya idéer driver Infranord utvecklingen av dagens och mo..."
30476632,Förskollärare,Stockholms kommun,sv,True,,,,,,"Stockholm – vår huvudstad med miljoner drömmar, förväntningar och ambitioner. Vi jobbar för alla som lever här idag och i framtiden. Nu söker vi dig som vill tänka stort, nytt och annorlunda med oss – för stockholmarna.  Skärholmens stadsdelsförvaltning är en av Stockholms stads 11 stadsdelsförvaltn..."
30476541,Budbilschaufför sökes till Bålsta,Arena Personal Sverige AB,sv,True,,,,,,"Nu söker vi på Arena Personal erfarna och engagerade budbilschaufförer till ett spännande uppdrag i Bålsta!  Om tjänsten I rollen som budbilschaufför arbetar du hos en välkänd kund med att leverera matkassar till privatkunder. Arbetet är självständigt där du kommer köra lätt lastbil (3,5 ton) utrust..."
30476519,Fordonstekniker - MG Segeltorp,Hedin Automotive Göteborg AB,sv,True,,,,,,Forma framtidens mobilitet med Hedin Automotive Som en av Europas ledande aktörer inom mobilitetsbranschen brukar vi säga att vi har något för alla. Men det finns egentligen bara en sak som är viktig: vi har något för dig. Nu får du möjligheten att bli en del av vårt team i rollen som Fordonsteknike...
30476386,Avarn Security söker utbildade sjöfarts- och hamnskyddskontrollanter,Avarn Security AB,sv,True,,,,,,"Som sjöfarts- och hamnskyddskontrollant blir du en del av ett tydligt uppdrag: att skapa trygghet och säkerhet i en av landets mest kritiska infrastrukturer - våra hamnar. Rollen passar dig som är noggrann, ansvarstagande och trivs med ett arbete där varje insats gör skillnad. Här får du en spännand..."
30476339,Skyddsvakt till Securitas Stockholm söderort - sommarjobb,Securitas AB,sv,True,,,,,,"Företagsbeskrivning Securitas har en viktig roll i samhället och förvaltar ett av Sveriges viktigaste uppdrag - att skydda och hjälpa människor att känna sig trygga. Nu har du chansen att bli en del av Sveriges största säkerhetsföretag. Oavsett om du vill jobba mycket eller lite, dag eller natt så b..."
30476303,Skyddsvakt till Securitas Stockholm Energi & Media - sommarjobb,Securitas AB,sv,True,,,,,,"Företagsbeskrivning Securitas har en viktig roll i samhället och förvaltar ett av Sveriges viktigaste uppdrag - att skydda och hjälpa människor att känna sig trygga. Nu har du chansen att bli en del av Sveriges största säkerhetsföretag. Oavsett om du vill jobba mycket eller lite, dag eller natt så b..."
30476270,Platschef i Spånga,REMONDIS Sweden AB,sv,True,,,,,,Är du en engagerad och utvecklingsorienterad ledare som brinner för att skapa en trygg arbetsmiljö och utveckla människor? Vi söker nu en platschef som vill ta ett helhetsansvar för vår produktionsanläggning och samtidigt bidra till långsiktig förbättring och tillväxt. Om rollen Som platschef har du...
30476264,Skyddsvakt till Securitas Stockholm Lovön - sommarjobb,Securitas AB,sv,True,,,,,,"Företagsbeskrivning Securitas har en viktig roll i samhället och förvaltar ett av Sveriges viktigaste uppdrag - att skydda och hjälpa människor att känna sig trygga. Nu har du chansen att bli en del av Sveriges största säkerhetsföretag. Oavsett om du vill jobba mycket eller lite, dag eller natt så b..."
30476257,Enhetschef för Medicinsk Diagnostik Karolinska Studiestöd,REGION STOCKHOLM,sv,True,,,,,,"Enhet Medicinsk Diagnostik Karolinska (MDK) Studiestöd är funktionens gemensamma enhet för att stödja studier, både initierade från industrin och akademin, med medicinsk diagnostik.  Enheten erbjuder tjänster inom såväl bilddiagnostik som laboratoriemedicin och patologi. Vi bistår prövare med tex ..."
30476244,Skyddsvakt till Securitas Stockholm Gärdet - sommarjobb,Securitas AB,sv,True,,,,,,"Företagsbeskrivning Securitas har en viktig roll i samhället och förvaltar ett av Sveriges viktigaste uppdrag - att skydda och hjälpa människor att känna sig trygga. Nu har du chansen att bli en del av Sveriges största säkerhetsföretag. Oavsett om du vill jobba mycket eller lite, dag eller natt så b..."
30476214,Workplace Specialist till internationell kund,Inte Bara Post Bemanning AB,sv,True,,,,,,SNABBFAKTA Omfattning: Heltid Arbetstider: 08.00-17.00. Tjänsten kräver en flexibilitet efter ordinarie arbetstid vid förekommande event. Ort: Centrala Stockholm Startdatum: Februari Uppdragslängd: 3 månader med god till förlängning Anställningsform: Särskild visstidsanställning. Du blir konsult via...
30476181,Business Analyst - Reverse Supply,H & M Hennes & Mauritz Gbc AB,en,False,,,,,,"Job Description WHAT YOU’LL DO  We are looking for a curious and self-driven Business Analyst to join our Supply Planning Unit. In this role, you will lead analytics initiatives and maintain and develop systems for all three Reverse Supply areas (External Exit and overstock selling, faulty items and..."
30476151,Senior fastighetsutvecklare till Fastighetskontoret,Bemannia AB (Publ.),sv,True,,,,,,Nu söker vi en senior fastighetsutvecklare till ett långt uppdrag på ett år med start omgående!  Om uppdraget Uppdraget är ett konsultuppdrag via Bemannia med start omgående och ett år framåt. Du kommer att arbeta heltid (100%) och du kommer att vara placerad på kontoret i Stockholm. Arbetet sker me...
30476145,Assortment Manager,H & M Hennes & Mauritz Gbc AB,en,False,,,,,,"Job Description Are you a fashion‑driven assortment leader who loves leading creative teams and shaping strong, relevant collections and products for a young, expressive and culture‑aware target group?  As Assortment Manager, you will lead our Assortment team – the creative specialists behind the co..."
30476137,Product Developer Regional Relevance - H&M Womenswear,H & M Hennes & Mauritz Gbc AB,en,False,,,,,,"Job Description An exciting opportunity has opened up for a Product Developer to join our Regional Relevance team at H&M Womenswear, focusing on creating collections and campaigns tailored for diverse global markets. This role offers the chance to make a strong impact on how we deliver fashion that ..."
30476108,Junior Product Developer Regional Relevance - H&M Womenswear,H & M Hennes & Mauritz Gbc AB,en,False,,,,,,"Job Description Are you passionate about fashion, trends, and driven by the idea of creating a relevant and inspiring assortment that meets the needs of customers across different regions? We’re now looking for a curious and motivated Junior Product Developer to join our Regional Relevance team at H..."
30476110,Senior åklagare,Ekobrottsmyndigheten,sv,True,,,,,,"Ekobrottsmyndigheten förebygger, upptäcker, avbryter, utreder och lagför ekonomiska brott. Våra 800 medarbetare har olika kompetenser och yrkesroller, såsom åklagare, poliser, ekobrottsutredare, administratörer och andra specialister, som alla arbetar tillsammans mot ekobrott. Det är vår unika styrk..."
30476104,Ta steget utanför kliniken och bli vår nästa fysioterapeut i hemrehab!,Praktikertjänst AB,sv,True,,,,,,"Fysioterapeut till hemrehab sökes! Var med och gör skillnad i människors vardag! Är du en engagerad fysioterapeut som vill arbeta i ett kompetent team, samtidigt som du har frihet att påverka dina arbetstider och utvecklas i din yrkesroll? Hos oss får du möjlighet att kombinera självständigt arbete ..."
30476091,"HR-chef med passion för ledarskap, kultur och hållbar arbetsmiljö",Assistansporten AB,sv,True,,,,,,Vill du vara med och forma framtidens omsorgsorganisation? Vi söker nu en strategisk och operativ HR-chef som vill ta helhetsansvaret för vår HR-funktion och bidra till att skapa hållbara arbetsplatser där både medarbetare och verksamhet växer. Assistansporten AB är ett svenskt omsorgs- och assistan...
30476064,Utvecklingsledare inom riskhantering,Länsstyrelsen i Stockholms län,sv,True,,,,,,Vill du arbeta med risk- och säkerhetsfrågor som är avgörande för hur samhället planeras och utvecklas? Motiveras du av att arbeta strategiskt i komplexa processer tillsammans med många aktörer? Vill du bidra till ett säkrare och mer hållbart Stockholms län? Då är vi nyfikna på att få veta mer om di...
30476026,Utvecklingsledare klimatanpassning,Länsstyrelsen i Stockholms län,sv,True,,,,,,"Motiveras du av att arbeta strategiskt, samordnande och kunskapshöjande tillsammans med andra aktörer? Har du intresse för samhällsfrågor och vill arbeta med frågor som gör verklig skillnad? Då är vi nyfikna på att få veta mer om dig.  Vad ingår i rollen?  I denna roll arbetar du med att samordna ..."
30476007,Samlingschef till Scenkonstmuseet,Statens Musikverk,sv,True,,,,,,"Leda, utveckla och tillgängliggöra scenkonstens kulturarv Scenkonstmuseet, som ingår i Statens musikverk, söker en samlingschef med starkt ledarskap och gedigen ämneskompetens inom musik, teater eller dans. Rollen ger ett övergripande ansvar för ett nationellt kulturarv och möjlighet att påverka hur..."
30475954,Takskottare Stockholm,B3 Personal AB,sv,True,,,,,,"Vill du arbeta med snöröjning på tak? Vi söker flera ansvarsfulla personer som kan arbeta säkert på tak, har erfarenhet av snöskottning och genomgått fallskyddsutbildning. Tjänsten passar dig som trivs med fysiskt arbete, tar ansvar för säkerhet och kvalitet och vill vara en viktig del i vårt team. ..."
30475779,Account Manager till Thatsup 🚀,Wrknest AB,sv,True,,,,,,"Om rollen Thatsup fortsätter sin starka tillväxt och söker nu fler Account Managers till sin digitala satsning Thatsup Web. Thatsup Web är en helhetslösning där snygga, smarta och heltäckande hemsidor byggs för lokala verksamheter, allt från kaféer, restauranger och till större, välkända hotellkedjo..."
30475674,"Personlig assistent sökes – lugn, lekfull och lyhörd",Aberia AB,sv,True,,,,,,"Jag söker dig som har hjärtat på rätt plats, sprider glädje, är närvarande och en lugn och trygg person! Ditt bemötande är förutsägbart och konsekvent, och du har förmågan att hantera utmaningar med stabilitet och lugn. Då kan du vara den vi söker!    Jag är en sprudlande tjej på 29 år som älskar li..."
30475572,Projektledare inom Life Science,Edge of Talent AB,sv,True,,,,,,"I detta uppdrag jobbar vi med rekrytering till vår kund Plantvision Plantvision är ett konsultbolag som brinner för Life Science, från MedTech-startups till globala läkemedelsbolag. Hos oss får du följa hela kedjan, från tillverkning till vård, och arbeta med regelverk, revisioner, projektledning oc..."
30475534,Nätverkstekniker,Riksdagsförvaltningen,sv,True,,,,,,Riksdagsförvaltningen är en myndighet som har till uppgift att underlätta riksdagens arbete. Cirka 700 partipolitiskt neutrala medarbetare arbetar vid Riksdagsförvaltningen med många olika typer av arbetsuppgifter.  Nu söker vår it-avdelning en nätverkstekniker med hög teknisk kompetens och stort en...
30475495,Ronderande väktare till Securitas Stockholm City - Sommarjobb,Securitas Sverige AB,sv,True,,,,,,"Företagsbeskrivning Securitas har en viktig roll i samhället och förvaltar ett av Sveriges viktigaste uppdrag - att skydda och hjälpa människor att känna sig trygga. Nu har du chansen att bli en del av Sveriges största säkerhetsföretag. Oavsett om du vill jobba mycket eller lite, dag eller natt så b..."
30475397,Senior QA Governance Lead SAP Platforms,Avaron AB,en,False,,,,,,"About the Company Avaron AB is a growing consultancy focused on technology, finance, and business support. We match your expertise with the market's most interesting assignments, offering a platform where your professional development is central. About the Assignment We are looking for a senior Proc..."
30475388,Senior Värdeströmsledare inom IT-arkitektur och Sunsetting,Avaron AB,sv,True,,,,,,"Om företaget Avaron AB är ett växande konsultbolag med fokus på teknik, finans och verksamhetsstöd. Vi matchar din spetskompetens med marknadens mest intressanta uppdrag och erbjuder en plattform där din utveckling står i centrum. Om uppdraget Vi söker en senior värdeströmsledare med ansvar för IT A..."
30475282,SAP Project Manager,Professional Galaxy AB,en,False,,,,,,"Professional Galaxy is an IT and technology consulting company that provides highly specialized expertise within IT, software development, SAP, purchasing, electronics and mechanical design. We collaborate with experienced senior experts and deliver strategic value-creating expertise to some of Swed..."
30475264,Recruiter - Executive Hiring & M&A,Lovable Labs Sweden AB,en,False,,,,,,"Why Lovable? Lovable lets anyone build software with plain English. From solopreneurs to Fortune 100 teams, millions of people use Lovable to turn raw ideas into real products fast. We’re at the forefront of a foundational shift in how software is created, which means you have an unprecedented oppor..."
30475256,Enhetschef till Daglig verksamhet i Stockholm,Collega Arbetsliv AB,sv,True,,,,,,Vi söker nu en enhetschef till Collega Södermalm och Collega Liljeholmen. Collegas verksamhetsområde för daglig verksamhet växer och vi söker nu en enhetschef till våra dagliga verksamheter. Collega är ett omsorgsföretag som erbjuder flera olika tjänster inom socialt arbete. Vi är övertygade om att ...
30475104,Kock,Beergarden AB,sv,True,,,,,,"Vi söker en person älskar matlagning och som har ett öga för detaljer. Du bör vara flexibel och kunnajobba dagar, kvällar och helger.  Dina huvudsakliga arbetsuppgifter är att laga mat från grunden, varabehjälplig till vår kökschef, stå i luckan, förbereda mat för kommande dag och vara bra på Mise e..."
30475113,Redovisningsekonom med systemintresse,Länsstyrelsen i Stockholms län,sv,True,,,,,,- Vill du arbeta med kvalificerad redovisning i en statlig verksamhet där du bidrar till utvecklingen i Stockholms län? - Motiveras du av att skapa strukturer och att driva förbättringar och effektiviseringar? - Har du ett intresse för systemhantering?  Då är vi nyfikna på att få veta mer om dig!  N...
30475004,Kvälls- och nattpigg student till Entercard!,Academic Work Sweden AB,sv,True,,,,,,"Vi söker dig som är initiativtagande, vågar fatta snabba beslut och trivs i en självständig roll. Du får ett spännande extrajobb med eget ansvar och inblick i finansbranschen. Sök idag, och börja omgående!   OM TJÄNSTEN  Som Fraud and Chargeback Agent på Kortsäkerhet hos Entercard har du en viktig r..."
30475029,Staffing & Recruitment Assistant till Academic Work i Stockholm,Academic Work Sweden AB,sv,True,,,,,,Vill du få värdefull erfarenhet inom rekrytering och headhunting samtidigt som du bidrar till att matcha rätt talanger med rätt möjligheter? Som Staffing & Recruitment Assistant hos Academic Work blir du en nyckelspelare i våra rekryteringsprocesser och får chansen att utvecklas i en fartfylld och l...
30474822,"Butikschef sökes till BoConcept Stockholm City, Kungsgatan 19",Nordisk Möbeldesign AB,sv,True,,,,,,"Butikschef sökes till BoConcept Stockholm City, Kungsgatan 19 Letar du efter en spännande karriär och nya utmaningar inom designvärlden? BoConcept är ett av Danmarks ledande detaljhandelsföretag inom möbeldesign och heminredning. BoConcept grundades i Danmark 1952 och är idag ett premium lifestyle-v..."
30474862,Tandläkare med några års erfarenhet till omtyckt klinik i Liljeholmen!,Distriktstandvården Sverige AB,sv,True,,,,,,"Vi söker nu en efter vår nya kollega, du är en tandläkare som har arbetat några år och vill nu hitta nya utmaningar i karriären och då har du hittat rätt :-D På den här kliniken finns det fem behandlingsrum men vi kommer att bygga ut kliniken under året så att den blir nästan dubbelt så stor. Här ar..."
30474844,Extrajobb som office coordinator,Joyweek AB,sv,True,,,,,,"Letar du efter ett stabilt & roligt extrajobb (två dagar i veckan), kanske medan du studerar? Ta chansen att bli en del av ett globalt team som arbetar för att förbättra människors liv och hälsa. Företaget kombinerar hälsa och teknik och sätter stort värde på mångfald. Det arbetar aktivt för att ska..."
30474736,Däckmontörer sökes till Nacka Värmdö Däckdepå  i Saltsjö-Boo (Däckteam),Northern Skill AB,sv,True,,,,,,Däckmontörer sökes till Nacka Värmdö Däckdepå i Saltsjö-Boo en del av Däckteam inför vårens högsäsong. Vi söker dig som har tidigare erfarenhet av däckskifte och trivs i en strukturerad verkstadsmiljö med högt tempo och tydliga rutiner. Arbetsuppgifter Skifta däck med hög precision   Köra in och ut ...
30474686,Köksmästare och souschefs Stockholm se hit!🚀,FRAM Bemanning AB,sv,True,,,,,,SÖK NYTT JOBB - PÅ DINA VILLKOR!🚀  Vi ska bli Sveriges bästa hotell- och restaurangföretag! Låter det ambitiöst? Det är det också. FRAM siktar på att bli den mest effektiva rekryteringsplattformen och mötesplatsen för ledare inom besöksnäringen. Är du hyfsat nöjd idag men är ute efter guldjobbet? VI...
30474608,Enterprise Architect,B3 Consulting Group AB (publ),sv,True,,,,,,"Vi på B3 Visab Consulting fokuserar på att stödja finansindustrin med sin affärsutveckling i den digitala ekonomin. Därför söker vi efter engagerade Enterprisearkitekter som vill utforma, utveckla och förfina den övergripande arkitekturen hos bolag i en samhällskritisk bransch.  Med över 40 års erfa..."
30474581,Enhetschef till Kampementet vård- och omsorgsboende,Stockholms kommun,sv,True,,,,,,"Stockholm – vår huvudstad med miljoner drömmar, förväntningar och ambitioner. Vi jobbar för alla som lever här idag och i framtiden. Nu söker vi dig som vill tänka stort, nytt och annorlunda med oss – för stockholmarna.  Norra innerstadens stadsdelsområde består av de centrala delarna av Stockholm, ..."
30474597,Butiksmedarbetare till Hemköp Gullmarsplan 5h/v,Sabis AB,sv,True,,,,,,"Är du en glad och energifull person som vill jobba med oss på Hemköp Gullmarsplan? Då ska du bli en av oss! Vi har en hög färskvaruprofil och generösa öppettider, alla dagar 07:00-23:00. Vi är en framgångsrik butik med ett brett sortiment och med stort fokus på kundupplevelsen för att tillgodose vår..."
30474569,Rådgivare till Resurscenter Tal och språk på  SPSM,Specialpedagogiska Skolmyndigheten,sv,True,,,,,,"Vill du vara med och skapa de bästa förutsättningarna för en likvärdig utbildning? Vi på Specialpedagogiska skolmyndigheten, SPSM, arbetar för att alla barn, elever och vuxenstuderande med funktionsnedsättning ska nå målen för sin utbildning. Vi driver egna specialskolor på olika orter i Sverige. Vi..."
30474558,Hälsopedagog till Studenthälsan,Stockholms Universitet,sv,True,,,,,,"Studenthälsan i Stockholm vid Stockholms universitet söker en ny medarbetare.  Som hälsopedagog/beteendevetare kommer du att arbeta utåtriktat på campus och träffa studenter i olika sammanhang. Din bakgrund kan vara folkhälsovetare, företagssköterska, beteendevetare eller annan motsvarande högskol..."
30474520,"Gruppledare till Komvux Södermalm, tillfällig anställning",Stockholms kommun,sv,True,,,,,,"Stockholm – vår huvudstad med miljoner drömmar, förväntningar och ambitioner. Vi jobbar för alla som lever här idag och i framtiden. Nu söker vi dig som vill tänka stort, nytt och annorlunda med oss – för stockholmarna.  Stockholm blomstrar som landets främsta tillväxtregion. Vi arbetar för en arbet..."
30474484,"Receptionist Scandic Klara, heltid , vikariat",Scandic Hotels AB,sv,True,,,,,,"**Mitt i centrala Stockholm ligger Scandic Klara – en lugn oas med vänlig atmosfär. Hos oss står serviceupplevelsen i fokus och vi vet att vägen dit går genom fantastisk personal!**  I vår restaurang Stortorget, på innergården, serveras vår frukost, stora konferensluncher och middagar – med en känsl..."
30474469,Operationsmedarbetare till AP7,Amendo Bemanning & Rekrytering AB,sv,True,,,,,,"Är du en nyfiken och driftig lagspelare med intresse för data, system och processutveckling inom värdepappersadministration? Har du flerårig erfarenhet av administration av värdepappersaffärer? Då kan du vara den vi söker! Om rollen Under 2026 fortsätter AP7 att vidareutveckla sin interna förvaltnin..."
30474437,Byggledare Väg,Centio Consulting Group AB,sv,True,,,,,,"Vi söker en Byggledare Väg för åtgärder på väg 165 till Trafikverket.  Detta är ett konsultuppdrag med stationeringsort Hällevadsholm, Munkedals kommun. Tjänsten är på heltid. Uppdraget innebär ett nära samarbete med kunden vilket ställer stora krav på flexibilitet och samarbetsförmåga. Uppdraget By..."
30474362,Studerande sökes för deltidsjobb till vår kund i Rosersberg!,Cleverex Bemanning AB,sv,True,,,,,,Om tjänsten Cleverex Bemanning söker just nu lossare som kan arbeta deltid hos vår kund Yilport i Rosersberg. Vi söker dig som är studerande eller har en annan huvudsaklig sysselsättning och önskar arbeta extra/deltid.    Du erbjuds •	Möjlighet att utveckla dina färdigheter inom logistik. •	Möjlighe...
30474374,Process Executor / Quality Assurance Lead ,Professional Galaxy AB,en,False,,,,,,"Professional Galaxy is an IT and technology consulting company that provides highly specialized expertise in IT, software development, SAP, purchasing, electronics and mechanical design. We collaborate with experienced senior experts and deliver strategic value-creating expertise to some of Sweden's..."
30474305,Utbildningsledare,Stockholms Universitet,sv,True,,,,,,"Områdeskansliet för humanvetenskap söker en utbildningsledare som främst ska arbeta med lärarutbildning på fakultets- och områdesnivå.  Vid områdeskansliet arbetar ca 45 medarbetare. Kansliet, som består av sex olika sektioner, är en avdelning inom Stockholms universitets centrala förvaltning. Att..."
30474198,Arkitekt Data/Analytics till Northern i Stockholm,Tng Group AB,sv,True,,,,,,"Vill du ha en konsultativ roll med kund, data, analys och teknik i fokus? Jobba som arkitekt hos Northern, Stockholm! Tänk dig en roll där din tekniska och analytiska kompetens verkligen gör skillnad, där du hjälper världsledande företag på en global marknad att ta kontroll över sin fildata, minska ..."
30474151,Finsktalande Customer Service Representative,Poolia AB,sv,True,,,,,,"Är du serviceinriktad, lösningsorienterad och flytande i finska? Vill du arbeta i en internationell miljö hos ett globalt ledande företag inom medicinteknik och life science? Då kan detta vara uppdraget för dig! Poolia söker nu en finsktalande Customer Service Representative till ett konsultuppdrag ..."
30474163,Budbilschaufför till känt logistikföretag i Arlanda,Uniflex AB,sv,True,,,,,,Du skickar din ansökan via vår hemsida www.uniflex.se  Se till att eventuella referenser som finns namngivna i dina ansökningshandlingar har kännedom om att de finns med där och att de eventuellt kommer att bli kontaktade vid en eventuell rekryteringsprocess.  Uniflex är ett auktoriserat bemanningsf...
30474115,Revenue & Analytics Manager till First Camp,First Camp Sverige AB,sv,True,,,,,,"Vilka är First Camp?  First Camp-koncernen, med huvudvarumärket First Camp, är norra Europas ledande kedja för camping och resorts. Företaget driver över 85 destinationer i Sverige, Danmark, Norge, Finland, Schweiz och Tyskland varav fem under egna varumärken. Totalt omfattar kedjan över 20 000 plat..."
30474046,Fullstack Engineer (Web + Backend),Professional Galaxy AB,en,False,,,,,,"Professional Galaxy is an IT and technology consulting company that provides highly specialized expertise in IT, software development, SAP, purchasing, electronics and mechanical design. We collaborate with experienced senior experts and deliver strategic value-creating expertise to some of Sweden's..."
30473965,Senior Security Officer till Securitas Stockholm,Securitas AB,sv,True,,,,,,"Företagsbeskrivning Securitas har en viktig roll i samhället och förvaltar ett av Sveriges viktigaste uppdrag - att skydda och hjälpa människor att känna sig trygga. Nu har du chansen att bli en del av Sveriges största säkerhetsföretag. Oavsett om du vill jobba mycket eller lite, dag eller natt så b..."
30473942,"Socialsekreterare för konsultuppdrag inom vuxen, missbruk.",Dedicare Sverige AB,sv,True,,,,,,"Om jobbet Söker du efter en seriös arbetsgivare som gör det möjligt för dig att ta uppdrag enligt dina önskemål? Nu söker vi dig som är utbildad socionom med flerårig erfarenhet inom myndighetsutövning inom vuxen missbruk till uppdrag i Jämtlands län.   Vi erbjuder dig flexibelt upplägg, trygga anst..."
30473897,Miljöinspektör i Stockholmsområdet,Public People AB,sv,True,,,,,,Söker du ett meningsfullt uppdrag där du får göra skillnad och samtidigt utvecklas i en självständig roll med stort förtroende? Söker du en roll där du både får trygghet och flexibilitet? Om svaret är ja på dessa frågor kan du vara den vi söker! På grund av stor efterfrågan behöver vi nu anställa yt...
30473889,Senior DevOps Engineer at Rillion,Ants Akademiskt Nätverk av Tekniska Studenter AB,en,False,,,,,,"We’re looking for a Senior DevOps Engineer to join our Platform team at Rillion. Over more than two decades, Rillion has built a robust AP Automation solution that helps our B2B customers streamline invoice processing, reduce manual work, and gain stronger control over their financial operations. Ou..."
30473804,IT Business Controller  Digital Business Capabilities,SANDVIK AB,en,False,,,,,,"Are you ready to shape financial strategies that drive real impact? At business area Mining, we’re on a journey to streamline how we manage resources across our global IT landscape. This is your chance to shape best practices, drive strategic financial initiatives, and become a trusted business part..."
30473821,Driftschef Stockholm,Hrm Affärsutveckling i Stockholm AB,sv,True,,,,,,"Affärsdriven Driftchef inom transportsektorn Vill du vara med och leda en framgångsrik verksamhet i positiv utveckling? Vi söker nu en affärsdriven Driftchef som vill ta helhetsansvaret för driften i Stockholm, depå i Arlandastad, och blir en nyckelperson i vår fortsatta utveckling. Om rollen Som Dr..."
30473751,First Line Support,Norteam AB,sv,True,,,,,,"Om Norteam Norteam är inte bara ett IT-bolag – vi är ett team av engagerade människor som brinner för att göra skillnad. Med Microsofts ekosystem som grund hjälper vi företag att bli smartare, säkrare och mer hållbara. Vi har en kultur där du får vara dig själv, växa och ha kul på jobbet. Vår vision..."
30473704,Senior Fullstack Developer - Financial Technology,NXT Interim Stockholm AB,en,False,,,,,,"Senior Fullstack Developer- Java 21+  We are looking for a Senior Fullstack Developer for an assignment within the financial sector, where technology plays a key role in combating financial crime.    About the Assignment  You will join the Finance Crime Prevention (FCP) team and play a central role ..."
30473693,Projektchef Väg och anläggning - Stockholm,Skanska Sverige AB,sv,True,,,,,,Skanskas löfte är att bygga ett bättre samhälle. Vi drivs av starka värderingar och en tro på att nöjda medarbetare på rätt plats leder till nöjda kunder och framgång på marknaden. Genom att utmana oss själva och andra inom klimat och hållbarhet utvecklar vi infrastrukturen i våra städer för att möt...
30473613,"Jobba med Pamoja som diskare i skolkök, Järfälla",People Productions Sweden AB,sv,True,,,,,,Med Pamoja jobbar du både fritt och tryggt. Jobbet passar dig som letar efter extrajobb med stor flexibilitet. Du kan ändra din kalender hela vägen fram till kl 23.59 dagen innan du ska jobba.   Nu söker vi dig som vill jobba som diskare i skolkök. Ett jobb där du blir en viktig del av vardagen för ...
30473608,IT-tekniker inom säkerhet och övervakning,Linden-IT AB,sv,True,,,,,,"IT-tekniker inom säkerhet och övervakning Vår kund, en etablerad aktör inom säkerhet och samhällskritisk infrastruktur söker nu en IT-tekniker till ett mindre specialistteam inom IT-monitoring. Rollen passar dig som vill arbeta brett med tekniska säkerhetslösningar i en stabil miljö där tillgängligh..."
30473598,"Jobba med Pamoja som kock i skolkök, Solna",People Productions Sweden AB,sv,True,,,,,,Med Pamoja jobbar du både fritt och tryggt. Jobbet passar dig som letar efter extrajobb med stor flexibilitet. Du kan ändra din kalender hela vägen fram till kl 23.59 dagen innan du ska jobba.   Nu söker vi dig som vill jobba som kock i skolkök. Ett viktigt och självständigt uppdrag där du får göra ...
30473579,Psykiatrisjuksköterska till Ofelia Vård,Ofelia Vård AB,sv,True,,,,,,"Ofelia Vård AB är tillsammans med Skandinavisk Hälsovård, Svensk Närsjukvård, Doc Care, HLR Landslaget och Linguacom, en del av Skandinavisk Hälsovård Group.    Ofelia Vård är ett auktoriserat bemanningsföretag med medlemskap i Kompetensföretagen. Med detta följer en garanti på att vi följer arbetsm..."
30473536,Kulturhuset Stadsteatern i Vällingby & Husby söker publikvärdar!,Kulturhuset Stadsteatern AB,sv,True,,,,,,Din roll som publikvärdRollen som publikvärd på Kulturhuset Stadsteatern Vällingby och Husby är varierande och innehållsrik. Din främsta uppgift är att välkomna besökare till våra evenemang samt representera oss i mötet med publiken på ett närvarande och engagerande sätt. Du är ofta den första och s...
30473521,Interim Enhetschef Lön - Stockholm,Sway Sourcing Sweden AB,sv,True,,,,,,"Inom en större offentlig organisation ska HR-avdelningen etablera en ny enhet med ansvar för lön, system och bemanning. Under uppstartsfasen, i väntan på att en ordinarie enhetschef rekryteras, söker organisationen en interimschef som kan säkerställa stabilitet, tydligt ledarskap och fortsatt utveck..."
30473475,Serviceassistent i Stockholm City,Homemaid AB (Publ),sv,True,,,,,,"Vi söker personal till hemstäd Just nu söker vi nya kollegor till vårt team i Stockholm City .  Vi kallar oss Serviceassistenter, eftersom vårt uppdrag går ut på att hjälpa våra kunder att göra rent och fint hemma, så att de kan få tid över till att göra annat istället. Som Serviceassistent har du e..."
30473426,"Fysioterapeut till Neuroteamet, Primärvårdsrehab Kungsholmen",Stiftelsen Stockholms Sjukhem,sv,True,,,,,,"Stockholms Sjukhem är en av Sveriges största idéburna vårdgivare. Vi bedriver vård och omsorg utan vinstsyfte och har ett brett vårdutbud inom rehabilitering, geriatrik, palliativ vård och äldreomsorg. Nu utökar vi och söker vi en arbetsterapeut till vårt neuroteam på Primärvårdsrehab Kungsholmen!  ..."
30473395,Lärarvikarie till högstadiet åk 7-9 - Trä/metallslöjd,People Productions Sweden AB,sv,True,,,,,,Att vara lärarvikarie kräver både pannben och passion. I gengäld får du en glimt rakt in i framtiden och en chans att vara en förebild för vuxenvärlden. Inte alltid enkelt men alltid utvecklande. Dessutom gör du en samhällsinsats! På Lärarförmedlarna är vårt uppdrag att se till att dörren till klass...
30473245,Däckmontörer sökes till Skanstull Bil & Däck AB (Skarpnäck),Northern Skill AB,sv,True,,,,,,Skanstull Bil & Däck AB söker två erfarna däckmontörer inför vårens högsäsong. Vi söker dig som har tidigare erfarenhet av däckskifte och trivs i en strukturerad verkstadsmiljö med högt tempo och tydliga rutiner. Arbetsuppgifter Skifta däck med hög precision   Köra in och ut kundbilar i verkstaden  ...
30473204,Mjukvaruutvecklare till försvarsindustrin,AFRY AB,sv,True,,,,,,"Företagsbeskrivning AFRY erbjuder tjänster inom teknik, design, digitalisering och rådgivning. Vi är hängivna experter inom industri, energi- och infrastruktur, som skapar värde för kommande generationer. AFRY har en global räckvidd med djupa rötter i Norden. Tillsammans accelererar vi omställningen..."
30473220,System architect hos Crosskey,Barona Professionals AB,sv,True,,,,,,"System Architect - Business IT 📍Mariehamn eller Stockholm Vill du vara med och forma framtidens finansiella IT-lösningar i Norden? Crosskey är ett nordiskt fintechbolag i framkant som utvecklar säkra, skalbara och affärskritiska lösningar för bank- och finanssektorn. Nu söker vi en System Architect ..."
30473201,EU-controller till Vinnova – bidra till Sveriges innovationskraft i Europa,Verket För Innovationssystem,sv,True,,,,,,"Vill du arbeta med ekonomisk uppföljning av EU-finansierade projekt och bidra till att stärka Sveriges position inom europeisk forskning och innovation? Vinnova söker nu en erfaren EU-controller till vår ekonomienhet.  Vi erbjuder  Vinnova är en modern myndighet med stort fokus på hållbarhet, både u..."
30473194,Utvecklingsledare ,Försvarets Radioanstalt,sv,True,,,,,,"På FRA arbetar vi med något som ingen annan gör i Sverige, och det kan du bli en del av. Oavsett yrkesroll är vi med och gör samhällsnytta genom att bidra till ett meningsfullt syfte — tillsammans arbetar vi med unika uppgifter för Sveriges säkerhet och integritet.  Vi erbjuder intressanta arbetsupp..."
30473079,Rättssakkunnig till Landsbygds- och infrastrukturdepartementet,Regeringskansliet,sv,True,,,,,,Rättsenheten för landsbygd  Är du samhällsintresserad assessor och vill hantera juridiska frågor i en politisk miljö där uppdraget är att bistå regeringen i sitt arbete och där du som rättssakkunnig står för den juridiska expertisen? I så fall kan vi erbjuda dig som är assessor ett spännande arbete ...
30473031,Enhetschef för Skydd- och bevakningsenheten,Teracom AB,sv,True,,,,,,"Nu söker vi Enhetschef för Skydd- och bevakningsenheten med placering i Stockholm. Hos oss finns ett engagerat team som stöttar varandra, utbyter erfarenheter och som har en god gemenskap. Du rapporterar direkt till Säkerhetschef.    Om tjänsten  Som Enhetschef är ditt huvudsakliga uppdrag att säker..."
30472904,Business Analyst  Banking (IT Projects),Think. Done. AB,en,False,,,,,,"We are seeking a skilled Business Analyst (BA) to support banking-focused IT initiatives, acting as a bridge between business stakeholders and technical teams. The role involves analyzing business processes, gathering requirements, and ensuring the successful delivery of technology solutions aligned..."
30472916,Scrum Master,Think. Done. AB,en,False,,,,,,"Think.Done. AB is seeking an experienced and dynamic Scrum Master to join our growing team. As a Scrum Master, you will play a crucial role in facilitating and optimizing the Agile development process. You will work closely with cross-functional teams, ensuring they adhere to Agile principles and de..."
30472887,IT-support till stort vårdbolag,Academic Work Sweden AB,sv,True,,,,,,"Nu söker vi dig som har ett stort intresse för data och IT, har tidigare erfarenhet inom support och är en stjärna på service! Du kommer arbeta tillsammans med ett sammansvetsat team hos vår kund i centrala Stockholm. Teamet tror på stort engagemang, långsiktighet och driv i rollen som IT-support.  ..."
30467085,Sommarjobb elevassistent / kolloledare  till Djuprämmens kollo,Utepedagogik Sverige AB,sv,True,,,,,,"Vill du vara del i ett kreativt team, som arbetar för att ge barnen deras bästa sommarupplevelse? Vill du också vara med om en utveckling som pedagog samt som människa? Sök då rollen som kolloledare på vårt Ungdomskollo Djuprämmen Water Camp! Arbetsuppgifter Din uppgift som kolloledare på Djurpämmen..."
30467098,Sommarjobb som skiftledare i köket på kollo,Utepedagogik Sverige AB,sv,True,,,,,,"Till vårt kollokök söker vi nu skiftledare med intresse för matlagning och service och tidigare erfarenhet av att arbetsleda som vill utvecklas vidare inom detta. Vi utbildar dig så du behöver ingen formell utbildning, däremot värdesätter vi ditt intresse för matlagning, att du trivs att arbeta i hö..."
30469643,Familjerättssekreterare till Familjerätt sydväst,Stockholms kommun,sv,True,,,,,,"Stockholm – vår huvudstad med miljoner drömmar, förväntningar och ambitioner. Vi jobbar för alla som lever här idag och i framtiden. Nu söker vi dig som vill tänka stort, nytt och annorlunda med oss – för stockholmarna.  Hägersten-Älvsjö är en av 11 stadsdelsförvaltningar i Stockholms stad med cirka..."
30467821,Omprövare till avdelningen för sjukförsäkring i Stockholm,Försäkringskassan,sv,True,,,,,,"Varje år fattar Försäkringskassan 21 miljoner beslut som påverkar människors liv och hela samhället. Vi betalar ut cirka 260 miljarder kronor varje år. Det är allas skattepengar vi har hand om. Det är ett stort ansvar. Därför sätter vi oss in i varje ärende, följer lagar och regler, informerar och v..."
30472861,Horticulturist/agronomist,Sonicflora AB,en,False,,,,,,"Horticulturist focused on tomato cultivation and plant health   About the role We are looking for a part time Horticulturist with strong practical experience in tomato cultivation. This is a hands on role with clear responsibility for plant health, cultivation stability, and biological data quality ..."
30472828,IT-specialist inom applikationsförvaltning,Avaron AB,sv,True,,,,,,"Om företaget Avaron AB är ett växande konsultbolag med fokus på teknik, finans och verksamhetsstöd. Vi matchar din spetskompetens med marknadens mest intressanta uppdrag och erbjuder en plattform där din utveckling står i centrum. Om uppdraget Vi söker en IT-specialist som stärker ett förvaltningste..."
30472848,"FX Quant Trader, FICC Markets | SEB Temporary Contract (Parental Leave)",Skandinaviska Enskilda Banken AB,en,False,,,,,,"Do you want to work as a quantitative FX trader building the future of electronic trading? Then we have the job for you! We are now looking for an analytical team player to join our FX Trading team on a Temporary Contact.    The FX Quant team is responsible for the e-FX quant platform, from setting ..."
30472806,Löneadministratör till Logent,Logent Bemanning AB,sv,True,,,,,,"Löneavdelningen på Logent hanterar lönerna för våra bolag i Sverige, Norge och Danmark samt supporterar övriga länder inom koncernen med uppsättning, system och diverse lönerelaterade frågor. Avdelningen består av sex personer, tillhör HR-organisationen och du kommer rapportera till Lönechef. Nu sök..."
30472655,SAP Enterprise / Solution Architects- Finance/ Sales / Supply / Logistic,Professional Galaxy AB,en,False,,,,,,"Professional Galaxy is an IT and technology consulting company that provides highly specialized expertise within IT, software development, SAP, purchasing, electronics and mechanical design. We collaborate with experienced senior experts and deliver strategic value-creating expertise to some of Swed..."
30472636,Office Responsible,H & M Hennes & Mauritz Gbc AB,en,True,,,,,,"Job Description Would you like to play a key role in creating a positive, organized, and welcoming office environment where people thrive?  We are looking for an Office Responsible for our Stockholm Atelier – a role for someone who values structure, consistency, and takes pride in being the go-to pe..."
30472632,Data Analyst - People Analytics,H & M Hennes & Mauritz Gbc AB,en,True,,,,,,"Job Description What You'll Do As Data Analyst within People Analytics, you’ll support data-informed decision-making across the people life cycle by delivering reliable reporting, analysis and insights. This is a hands-on role where you’ll be driving the full analytical life cycle, from understandin..."
30472566,Senior International PR Manager Visit Sweden,Randstad AB,en,True,,,,,,Job description Senior International PR Manager Visit Sweden Are you ready to become part of a dynamic international team committed to promoting Sweden as a world-class travel destination? Visit Sweden is seeking an experienced Senior International PR Manager to help strengthen Sweden’s global brand...
30472443,Hjullastare (C2) dagskift- omgående start,WeStaff Sweden AB,sv,True,,,,,,"WeStaff Sweden söker en maskinförare till Norra Stockholm! Har du erfarenhet av hjullastare, gillar att ta ansvar och vill jobba med hållbarhet på riktigt? Då kan du bli en viktig del av vårt team! På Westaff tror vi att rätt inställning och kompetens är nyckeln till framgång – och vi vill att du sk..."
30472421,Lagerarbetare - Huddinge,WeStaff Sweden AB,sv,True,,,,,,"Vill du arbeta fysiskt och trivs i en aktiv vardag? Vi på WeStaff söker nu lagerarbetare till ett uppdrag i södra Stockholm. Här får du en roll där du kombinerar noggrannhet med tempo, och där du blir en viktig del i ett arbetslag som värdesätter samarbete och punktlighet.   Om tjänsten Som lagerarb..."
30472373,Ta nästa steg som produktionstekniker – bred roll i norra Stockholm!,WeStaff Sweden AB,sv,True,,,,,,"Vill du arbeta med produktionsteknik i en expanderande verkstadsindustri? Vi på WeStaff Sweden söker nu en produktions­­tekniker till ett innovativt tillverkningsföretag i norra Stockholm. Här får du en bred roll där du blir en viktig länk mellan produktion, konstruktion och utveckling. Du kommer ar..."
30472351,Teknisk montör - Stockholm!,WeStaff Sweden AB,sv,True,,,,,,"Teknikintresserad? Vi söker montörer till spännande uppdrag i norra Stockholm! Är du händig, gillar att skruva och vill jobba med smart teknik i ett tryggt och trevligt team? Då kan detta vara ditt nästa jobb!  WeStaff Sweden söker nu flera tekniska montörer till ett världsledande teknikföretag med ..."
30472342,Monteringsoperatör -Norra Stockholm!,WeStaff Sweden AB,sv,True,,,,,,"Är du teknikintresserad? Vi söker montörer/operatörer till spännande uppdrag i norra Stockholm! Gillar du att skruva, följa ritningar och arbeta praktiskt i en modern produktionsmiljö? Trivs du när kvalitet, struktur och teamwork står i fokus? Då kan detta vara rätt roll för dig! WeStaff Sweden söke..."
30472270,IT-säkerhetstekniker,Avaron AB,sv,True,,,,,,"Om företaget Avaron AB är ett växande konsultbolag med fokus på teknik, finans och verksamhetsstöd. Vi matchar din spetskompetens med marknadens mest intressanta uppdrag och erbjuder en plattform där din utveckling står i centrum. Om uppdraget Vi söker en IT-säkerhetstekniker som vill arbeta i en sa..."
30472223,Vårdlänken söker fysioterapeut 3 dagar i veckan,AB Vårdlänken Bemanning & Rekrytering,sv,True,,,,,,Vi söker  dig som är leg. sjukgymnast/fysioterapeut med erfarenhet inom äldreomsorgen och som värdesätter ett arbetssätt där patienten sätts i fokus. Din kompetens och kreativitet ligger till grund för att varje individs behov tillgodoses med hänsyn till personens förutsättningar. I din yrkesroll är...
30472267,SAP Finance Tech Lead,Avaron AB,en,False,,,,,,"About the Company Avaron AB is a growing consultancy focused on technology, finance, and business support. We match your expertise with the market's most interesting assignments, offering a platform where your professional development is central. About the Assignment We are looking for a SAP Finance..."
30472251,Erfaren Hr generalist/HRBP till kommun. ,Poolia AB,sv,True,,,,,,"Nu söker vi dig som kan ta ett uppdrag som HR generalist/HRBP hos vår kund som är en kommun i Stockholmsområdet.  - Omfattning: Heltid 100% - Start: 2a februari (tidigare om du har möjlighet)  - Längd: 30e september, eventuellt längre.   Du blir anställd av Poolia men jobbar ute hos vår kund.    Fin..."
30464038,Tryckeriet söker ny medarbetare,Polismyndigheten,sv,True,,,,,,Är du redo för en större uppgift? Vi söker nu en mångsidig medarbetare till tryckeriet på Regionkansliet i Stockholm. Detta är något för dig som har blick för färg och grafisk form och samtidigt tekniskt intresserad. Hos oss kommer du tillsammans med engagerade och trevliga kollegor utvecklas och få...
30472068,Faktureringsansvarig Larmatic AB,Performiq AB,sv,True,,,,,,"Tjänstebeskrivning & erbjudande Larmatic Alarm är ett väletablerat säkerhetsföretag med lång erfarenhet av att leverera pålitliga och moderna säkerhetslösningar.   Som en del av Prosero Security Group, en av Nordens största och mest utvecklingsdrivna säkerhetskoncerner, kombinerar vi det bästa av tv..."
30471883,Leger- och produktionspersonal i norra Stockholm,Submit AB,sv,True,,,,,,"Vi på Submit söker nu efter flera produktionsmedarbetare för våra samarbetspartners i norra Stockholm. Vi på Submit Bemanning & Rekrytering söker nu flera personer för våra kunder i södra Stockholm. Tjänsterna är främst inom livsmedelsproduktion och paketering, där du kommer att bidra till både prod..."
30471894,Skoklosters slott söker lokalvårdare,Statens Historiska Museer,sv,True,,,,,,Skoklosters slott söker lokalvårdare till den publika verksamheten säsongen 2026     Arbetsbeskrivning  Du ansvarar tillsammans med dina kollegor för att ge Skoklosters slotts besökare en kvalitativ och positiv helhetsupplevelse. Du kan arbeta såväl självständigt som i team. Vi lägger stor vikt vid ...
30471859,Training Manager,Professional Galaxy AB,sv,True,,,,,,"Professional Galaxy är ett IT och teknikkonsultbolag som tillhandahåller högspecialiserad kompetens inom IT, utveckling, elektronik och mekanik konstruktion. Vi arbetar med seniora experter och levererar strategiskt värdeskapande kompetens till några av Sveriges mest komplexa och samhällskritiska pr..."
30471847,Produktionspersonal i södra Stockholm,Submit AB,sv,True,,,,,,"Vi på Submit söker nu efter flera produktionsmedarbetare för våra samarbetspartners i södra Stockholm. Vi på Submit Bemanning & Rekrytering söker nu flera personer för våra kunder i södra Stockholm. Tjänsterna är främst inom livsmedelsproduktion och paketering, där du kommer att bidra till både prod..."
30471844,Operations manager till KICKS lager - Rosersberg,Marketpeople AB,sv,True,,,,,,"Om tjänstenArbetsuppgifter Som Operations Manager på KICKS högautomatiserade lager kommer du att spela en central roll i att leda och utveckla deras verksamhet. Du kommer att vara ansvarig för att säkerställa att lagerdriften fungerar smidigt och effektivt, samtidigt som du arbetar nära med personal..."
30471838,Senior Data Engineer in Economic Crime Prevention,Swedbank AB,en,False,,,,,,"Are you passionate about Data and want to work with key initiative to enable Swedbank to be data driven in its priority to combat financial crime? If the answer is yes, you will play an important role in leveraging advanced analytics to help prevent Economic Crime!  In Swedbank you have the opportun..."
30471812,Product Lead,Legora AB,en,False,,,,,,"About Us Legora is on a mission: to redefine how legal work gets done. From the very start we have been very clear about the fact that we are not building a solution for lawyers, we are building it with them, because it is the only way to make sure it gets done the right way; working side-by-side ev..."
30471772,Data Privacy Manager,Azets Insight AB,sv,True,,,,,,"Azets är en internationell koncern med 9 000 experter på över 200 kontor i åtta länder. Vi kombinerar lokal kunskap med modern teknik för att skapa värde för våra kunder. Med tjänster inom redovisning, revision, lön, skatt och affärsrådgivning hjälper vi över 100 000 kunder att utveckla sina verksam..."
30471640,Museivärd – visning och barnverksamhet,Statens Historiska Museer,sv,True,,,,,,Skoklosters slott söker personal till den publika verksamheten säsongen 2026  Arbetsbeskrivning  Du är slottets ansikte utåt och tar emot våra besökare. Du ansvarar tillsammans med dina kollegor för att ge Skoklosters slotts besökare en kvalitativ och positiv helhetsupplevelse. Du kan hantera hårt p...
30471599,Senior Fullstack Developer,Quest Consulting Sverige AB,en,False,,,,,,"Assignment description We are looking for a Senior Fullstack Developer to join our Financial Crime Prevention team. In this role, you will play a key part in developing solutions that support AML processes and audits, while helping to reduce operational workload through smart and efficient software ..."
30471595,"Biomedicinsk analytiker till Klinisk fysiologi, Ersta sjukhus",Ideella Fören Ersta Diakonisällskap Med Firmaers,sv,True,,,,,,"Om arbetsplatsen Ersta sjukhus ingår i Ersta diakoni och är Sveriges största idéburna sjukhus med en tydlig värdegrund – att se människan. Med anor från 1851 har vi bedrivit sjukvård i Stockholm, men vi tar emot patienter från hela landet. Här erbjuder vi högkvalitativ, specialiserad sjukvård med bå..."
30471546,Verksamhetschef till Stockholm Nord. (Vikariat),SAMHALL AB,sv,True,,,,,,"Om Samhall I Sverige saknar 250 000 personer med en funktionsnedsättning ett arbete att gå till. Det är därför Samhall finns – för att skapa meningsfulla jobb för dem som står utanför arbetsmarknaden. Vår vision är ""En arbetsmarknad där alla ses som en tillgång"" och vi tror att du som läser detta kä..."
30470775,Kravanalytiker till gruppen Analysstödssystem,Polismyndigheten,sv,True,,,,,,Vår IT-avdelning ansvarar för all IT som används inom Polismyndigheten. Nu söker vi en kravanalytiker till gruppen Analysstödssystem som vill vara med och skapa verksamhetsnytta inom Business Intelligence (BI). IT-avdelningens främsta uppgift är att tillhandahålla IT-tjänster till hela Polismyndighe...
30471403,Museivärd till butik och entré på Skoklosters slott,Statens Historiska Museer,sv,True,,,,,,Skoklosters slott söker personal till den publika verksamheten säsongen 2026     Arbetsbeskrivning  Du är slottets ansikte utåt och tar emot våra besökare. Du ansvarar tillsammans med dina kollegor för att ge Skoklosters slotts besökare en kvalitativ och positiv helhetsupplevelse. Du ger ett varmt n...
30471397,Interimschef HR,Quest Consulting Sverige AB,sv,True,,,,,,"Om uppdraget: Inom myndighetens HR-avdelnings sektion för arbetsgivarpolitik kommer en ny enhet att inrättas med ansvar för lön, system och bemanning. I avvaktan på rekrytering av ordinarie enhetschef önskar myndigheten att avropa en interimschef för den nybildade enheten. Som enhetschef ansvarar du..."
30471374,Utredare inom arbetsrätt med EU-inriktning till Saco,Bravura Sverige AB,sv,True,,,,,,Har du erfarenhet av arbete inom eller gentemot EU:s olika institutioner och god kännedom om hur de politiska beslutsprocesserna ser ut i Sverige och inom EU? Vill du omsätta djup arbetsrättslig kompetens i konkret påverkan på svensk arbetsmarknad? Som utredare med EU-inriktning på Saco blir du en n...
30471330,Concierge - Sheraton Stockholm Hotel,Förvaltnings AB Tegelbacken,en,True,,,,,,"Sheraton Stockholm Hotel is an iconic property centrally located in Stockholm, offering 463 newly renovated guest rooms, a vibrant food and beverage scene as well as a top-of-the-line meeting space.    We are looking for a service-minded Concierge with a true love for hospitality and a talent for an..."
30471270,Senior IT Specialist,Avaron AB,sv,True,,,,,,"Om företaget Avaron AB är ett växande konsultbolag med fokus på teknik, finans och verksamhetsstöd. Vi matchar din spetskompetens med marknadens mest intressanta uppdrag och erbjuder en plattform där din utveckling står i centrum. Om uppdraget Vi söker en senior IT-specialist som stärker ett etabler..."
30471250,Senior SAP Project Manager,Avaron AB,en,False,,,,,,"About the Company Avaron AB is a growing consultancy focused on technology, finance, and business support. We match your expertise with the market's most interesting assignments, offering a platform where your professional development is central. About the Assignment We are looking for a seasoned Pr..."
30471211,Diskare Stockholm - Extrajobb - Lön inom 12h💰,FRAM Bemanning AB,sv,True,,,,,,SVERIGES BÄSTA RESTAURANGFÖRETAG FRAM har funnits i 10 år och det går jättebra för oss. Nu söker vi fler starka diskare till Stockholm. JOBBA SOM KONSULT - NÄR DU VILL På FRAM tycker vi att du som jobbar i branschen förtjänar en bättre och roligare arbetsplats och en arbetsgivare som verkligen bryr ...
30471146,"Undersköterska för timanställning, To Care City, Stockholm",Prima Vård Sverige AB,sv,True,,,,,,"Vi på To Care City söker en undersköterska med intresse för och erfarenhet av hemsjukvård och reception att arbeta på timmar hos oss.  Vad erbjuds du?  To Care City är en välfungerande husläkarmottagning med högt i tak och snabba beslutsvägar och vi sätter stort värde på fin gemenskap, teamkänsla ..."
30471122,Senior Quality Assurance Lead,Avaron AB,en,False,,,,,,"About the Company Avaron AB is a growing consultancy focused on technology, finance, and business support. We match your expertise with the market's most interesting assignments, offering a platform where your professional development is central. About the Assignment We are looking for a senior Qual..."
30471101,Senior SAP Finance Tech Lead,Avaron AB,en,False,,,,,,"About the Company Avaron AB is a growing consultancy focused on technology, finance, and business support. We match your expertise with the market's most interesting assignments, offering a platform where your professional development is central. About the Assignment As a Finance Tech Lead, you will..."
30471116,Senior SAP Project Manager,Avaron AB,en,False,,,,,,"About the Company Avaron AB is a growing consultancy focused on technology, finance, and business support. We match your expertise with the market's most interesting assignments, offering a platform where your professional development is central. About the Assignment We are looking for a senior Proj..."
30471087,Bli en del av vårt köksteam på Hard Rock Cafe Vasagatan!,HR Stockholm AB,sv,True,,,,,,"På Hard Rock Cafe är varje medarbetares insats viktig – även bakom kulisserna. Vi söker nu engagerade köksbiträden. Som köksbiträde är du en viktig del av köksteamet och bidrar till att den dagliga driften flyter smidigt, både under och mellan service. Dina arbetsuppgifter Förberedelse och enklare m..."
30471061,"Director of Analytics, Courier",Wolt Development Sverige AB,en,False,,,,,,"Analytics at Wolt is a business-critical area that covers three core teams: data science, regional business operations, and analytics engineering. The complexity of online delivery, differences in the economics and dynamics of the cities we operate in, and vast amounts of data make our work truly in..."
30470733,Two KMA/HSEQ resources to OHLA Sverige AB,OHL Sverige AB,en,False,,,,,,KMA Inspector and KMA Coordinator for OHLA in Stockholm 15 minutes south of Stockholm City Center OHLA has the project office at Skogskyrkogården and we are now searching for two positions; One KMA Inspector (Quality/Environment/Working Environment) and one KMA Coordinator. Key Responsibilities Supp...
30470996,"50% vaken natt - personlig assistent i Annedal, Bromma",God Omsorg och Ledsagning i Storstockholm AB,sv,True,,,,,,"God Omsorg - en del av God Assistans, bedriver avlösarservice, ledsagarservice och personllig Assistans. Vi är ett företag med stort hjärta och hög kompetens som brinner för det vi gör och har lång erfarenhet inom bland annat assistans. Att värna om våra medarbetare och förenkla tillvaron för våra k..."
30470970,28-årig kille i Bromma söker en assistent till på 75% fast schemarad dag/kv,God Omsorg och Ledsagning i Storstockholm AB,sv,True,,,,,,"God Omsorg - en del av God Assistans, bedriver avlösarservice, ledsagarservice och personllig Assistans. Vi är ett företag med stort hjärta och hög kompetens som brinner för det vi gör och har lång erfarenhet inom bland annat assistans. Att värna om våra medarbetare och förenkla tillvaron för våra k..."
30470830,Registrator i Stockholm,Bemannia AB (Publ.),sv,True,,,,,,Ett kort och tydligt uppdrag för en erfaren registrator som behärskar eDok och kan arbeta självständigt från dag ett. Under en intensiv vecka får du möjlighet att snabbt göra skillnad samt säkerställa korrekt och effektiv diarieföring. Om uppdragetVi söker en registrator till vår kund i Stockholm fö...
30470827,Projektledare Väg,Centio Consulting Group AB,sv,True,,,,,,Vi söker en projektledare inom väg till Trafikverkets nationella vägprojekt för etablering av ATK-markplatser (Automatisk Trafikkontroll). Uppdraget är ett konsultuppdrag med stationeringsort Gävle. Omfattningen beräknas ligga på  50–75 %. Uppdraget innebär ett nära samarbete med kunden vilket ställ...
30470825,CHEFs - Open application,BEREDSKAPSLYFTET IDEELL FÖREN,sv,True,,,,,,"Experienced Chefs Wanted for Positions Across Sweden We are currently seeking professional chefs with solid experience who are already in Sweden and authorized to work. Assignments are available in reputable, high-standard restaurants across the country. We are looking for chefs who are open to relo..."
30470713,Medicinskt ledningsansvarig överläkare (MLA) till WeMind Stockholm,Wemind AB,sv,True,,,,,,"WeMind arbetar för psykisk hälsa och erbjuder vård och stödinsatser inom vuxenpsykiatri, BUP, HVB samt resurs- och behandlingsskola. Vi arbetar evidensbaserat, följer behandlingsresultat, är resursmedvetna och har alltid med ett vänligt bemötande. Vår viktigast byggsten är självklart våra medarbetar..."
30470669,Överläkare i psykiatri till WeMind Spånga,Wemind AB,sv,True,,,,,,"WeMind arbetar för psykisk hälsa och erbjuder vård och stödinsatser inom vuxenpsykiatri, BUP, HVB samt resurs- och behandlingsskola. Vi arbetar evidensbaserat, följer behandlingsresultat, är resursmedvetna och har alltid med ett vänligt bemötande. Vår viktigast byggsten är självklart våra medarbetar..."
30470681,Timanställda sjuksköterskor till WeMind Rinkeby,Wemind AB,sv,True,,,,,,"WeMind arbetar för psykisk hälsa och erbjuder vård och stödinsatser inom vuxenpsykiatri, BUP, HVB samt resurs- och behandlingsskola. Vi arbetar evidensbaserat, följer behandlingsresultat, är resursmedvetna och har alltid med ett vänligt bemötande. Vår viktigast byggsten är självklart våra medarbetar..."
30470679,Timanställda sjuksköterskor till WeMind Rinkeby,Wemind AB,sv,True,,,,,,"WeMind arbetar för psykisk hälsa och erbjuder vård och stödinsatser inom vuxenpsykiatri, BUP, HVB samt resurs- och behandlingsskola. Vi arbetar evidensbaserat, följer behandlingsresultat, är resursmedvetna och har alltid med ett vänligt bemötande. Vår viktigast byggsten är självklart våra medarbetar..."
30470653,Psykolog till WeMind Nynäshamn,Wemind AB,sv,True,,,,,,WeMind är kvalitetsledande inom svensk öppenvårdspsykiatri och vår främsta byggsten är självklart våra medarbetare. För oss är det viktigt med en trygg och trivsam arbetsmiljö där varje medarbetare har en stimulerande arbetssituation och att du dessutom har roligt på jobbet. Tillsammans jobbar vi fö...
30470609,Kombinera flera uppdrag som specialistläkare i barn- och ungdomspsykiatri,Wemind AB,sv,True,,,,,,"WeMind arbetar för psykisk hälsa och erbjuder vård och stödinsatser inom vuxenpsykiatri, BUP, HVB samt resurs- och behandlingsskola. Vi arbetar evidensbaserat, följer behandlingsresultat, är resursmedvetna och har alltid med ett vänligt bemötande. Vår viktigast byggsten är självklart våra medarbetar..."
30470604,PTP-psykolog till WeMind Tyresö,Wemind AB,sv,True,,,,,,WeMind är kvalitetsledande inom svensk öppenvårdspsykiatri och vår viktigast byggsten är självklart våra medarbetare. För oss är det viktigt med en trygg och trivsam arbetsmiljö där varje medarbetare har en stimulerande arbetssituation och att du dessutom har roligt på jobbet. Tillsammans jobbar vi ...
30470575,Backend Developer,Scania CV AB,en,False,,,,,,"With its brands Scania, MAN, International, and Volkswagen Truck & Bus, TRATON SE is the parent and holding company of the TRATON GROUP and one of the world’s leading commercial vehicle manufacturers. TRATON employs more than 103,000 people and operates 33 production and assembly sites worldwide acr..."
30470417,Service & Maintenance Mechanic (Electric Vehicles),BEREDSKAPSLYFTET IDEELL FÖREN,en,False,,,,,,"Connecting Jobs, run by the non-profit organisation Beredskapslyftet, helps newcomers enter the Swedish job market while giving companies access to new talent. We are looking for Service & Maintenance Mechanic (Electric Vehicles) for GoCimo - growing company within sustainable urban mobility, offeri..."
30470350,Technical Lead - Data in Economic Crime Prevention,Swedbank AB,en,False,,,,,,"Are you passionate about Data and want to support Swedbank become data driven in its priority to combat financial crime? If the answer is yes, you will play an important role in leveraging advanced analytics to help prevent Economic Crime!In Swedbank you have the opportunity to: Be a part of a prior..."
30470406,JENSEN Komvux Stockholm söker speciallärare inom matematik,Jensen Education AB,sv,True,,,,,,"JENSEN Komvux är till för dig som vill utvecklas i din professionella roll och som vill bidra till att våra studerande når framgång. I din roll som speciallärare i matematik på JENSEN Komvux får du möjlighet att tillsammans med engagerade kollegor, resursteam och närvarande chefer utveckla och tillä..."
30470353,"Procurement Lead Account, Nordics",Swedish Match Sales Sweden AB,en,False,,,,,,"Be a part of a revolutionary change! At Swedish Match, we’ve chosen to do something incredible. We’re totally transforming our business and building our future on one clear purpose – to deliver a smoke-free future. Swedish Match is an affiliate of PMI and have been a leader in the industry for more ..."
30470323,Senior projekteringsledare -Bygg & Installationer,Edge of Talent AB,sv,True,,,,,,"Senior Projektledare Vill du ta nästa steg i din karriär och bli en nyckelperson i genomförandet av framtidens industriella lösningar? Nu söker vi en Senior Projektledare med bred erfarenhet och starkt driv, som vill leda komplexa projekt från start till mål. Genom Edge of Talent får du möjligheten ..."
30470303,Procurement Manager Nordics,Swedish Match Sales Sweden AB,en,False,,,,,,"Be a part of a revolutionary change! At Swedish Match, we’ve chosen to do something incredible. We’re totally transforming our business and building our future on one clear purpose – to deliver a smoke-free future. Swedish Match is an affiliate of PMI and have been a leader in the industry for more ..."
30470239,Överläkare i psykiatri till WeMind Kista,Wemind AB,sv,True,,,,,,"WeMind arbetar för psykisk hälsa och erbjuder vård och stödinsatser inom vuxenpsykiatri, BUP, HVB samt resurs- och behandlingsskola. Vi arbetar evidensbaserat, följer behandlingsresultat, är resursmedvetna och har alltid med ett vänligt bemötande. Vår viktigast byggsten är självklart våra medarbetar..."
30470217,Psykolog till DBT-teamet på WeMind Liljeholmen,Wemind AB,sv,True,,,,,,"WeMind arbetar för psykisk hälsa och erbjuder vård och stödinsatser inom vuxenpsykiatri, BUP, HVB samt resurs- och behandlingsskola. Vi arbetar evidensbaserat, följer behandlingsresultat, är resursmedvetna och har alltid med ett vänligt bemötande. Vår viktigast byggsten är självklart våra medarbetar..."
30470177,Vikariat sjuksköterska till jourenheten – WeMind Liljeholmen,Wemind AB,sv,True,,,,,,"WeMind arbetar för psykisk hälsa och erbjuder vård och stödinsatser inom vuxenpsykiatri, BUP, HVB samt resurs- och behandlingsskola. Vi arbetar evidensbaserat, följer behandlingsresultat, är resursmedvetna och har alltid med ett vänligt bemötande. Vår viktigast byggsten är självklart våra medarbetar..."
30470102,Områdeschef till utförarverksamheter Äldre,Stockholms kommun,sv,True,,,,,,"Stockholm – vår huvudstad med miljoner drömmar, förväntningar och ambitioner. Vi jobbar för alla som lever här idag och i framtiden. Nu söker vi dig som vill tänka stort, nytt och annorlunda med oss – för stockholmarna.  Skarpnäcks stadsdelsförvaltning erbjuder dig en arbetsplats där ett aktivt meda..."
30470061,Undersköterskor eller vårdbiträden för extrajobb på helger,Adeocare AB,sv,True,,,,,,"Vi på AdeoCare brinner för vår uppgift och vi vill vara den mest glädjande hemtjänsten. Vi har varierande och meningsfulla arbetsuppgifter, roliga kollegor och kompetenta chefer. Vi erbjuder också goda utbildnings- och utvecklingsmöjligheter. Glädje, engagemang, innovation och flexibilitet är våra v..."
30470008,Senior Bioanalytical Specialist to BioArctic,SallyQ AB,en,False,,,,,,"Are you a senior bioanalytical scientist who enjoys being the expert others turn to? Do you thrive in collaboration, like to take ownership, and want to contribute to the development of new treatments for neurodegenerative diseases? BioArctic is a Swedish research-based biopharma company on an excit..."
30469984,System Administrator - SAP Basis,Centio Consulting Group AB,sv,True,,,,,,Vi söker en Medior SAP Basis - System Administrator till ett statligt ägt energiföretag. Detta är ett konsultuppdrag. Stationeringsort är Stockholm men kan utföras på distans.  Tjänsten är på heltid. Uppdraget innebär ett nära samarbete med kunden vilket ställer stora krav på flexibilitet och samarb...
30469832,Commercial Director  – Stockholm,Sway Sourcing Sweden AB,en,False,,,,,,"We are recruiting on behalf of our client, a premium company operating within the luxury wine and champagne industry, known for its innovative approach and highly personalized offerings. Headquartered in one of Europe’s most renowned regions for wine craftsmanship, the company challenges traditional..."
30469781,Rektors samordnare,Stockholms Universitet,sv,True,,,,,,"Ledningssekretariatet vid Stockholms universitet utgör tillsammans med Planeringssekretariatet och Rättssekretariatet Rektors kansli.  Sekretariatet består av drygt 20 medarbetare. Ledningssekretariatets övergripande uppdrag är att ge direkt stöd till universitetsledningen i såväl operativa lednin..."
30469727,Montör inom Marinteknik ,Jobwise AB,sv,True,,,,,,"Montör inom Marinteknik  Letar du efter en ny och spännande utmaning inom marinteknik? Vår kund söker nu en noggrann och engagerad montör till deras team i Norrort. I denna roll kommer du att arbeta med att montera komplexa komponenter på centrala enheter, en viktig del av företagets produktion. Dit..."
30469715,Konsultchef inom vårdbemanning till Läkarleasing!,Academic Work Sweden AB,sv,True,,,,,,Brinner du för att skapa matchningar som gör skillnad och trivs i ett högt tempo där ingen dag är den andra lik? Nu söker Läkarleasing en Konsultchef inom vårdbemanning som vill bidra till att rätt person hamnar på rätt plats – varje gång. Här får du en varierad roll där du bygger relationer och säk...
30469674,Väktare till Securitas Stockholm Handel - Sommarjobb,Securitas Sverige AB,sv,True,,,,,,"Företagsbeskrivning Securitas har en viktig roll i samhället och förvaltar ett av Sveriges viktigaste uppdrag - att skydda och hjälpa människor att känna sig trygga. Nu har du chansen att bli en del av Sveriges största säkerhetsföretag. Oavsett om du vill jobba mycket eller lite, dag eller natt så b..."
30469637,Barnvakt Nanny Södermalm 1 gång/v,2007 Nannynu AB,sv,True,,,,,,"Om Nannynu! / About Nannynu! Vi är ett av Sveriges största, första och mest prisbelönta barnvaktsföretag och stolta över att ha bra villkor i linje med kollektivavtal för alla våra anställda barnvakter. Vi tror på att leverera barnvakter i världsklass och då vi är ett växande företag söker vi nu Dig..."
30469591,Marketing Procurement Manager to Retail Company,Digitalenta AB,en,False,,,,,,"We’re looking for an experienced Category Manager to step into a key procurement role within the fashion industry. This is an exciting opportunity to work at the heart of strategic sourcing, category development, and stakeholder management – all within a global retail organization known for its dyna..."
30469420,Techrekryterare till Knowit Connectivity,Knowit AB (Publ),sv,True,,,,,,"Knowit Connectivity växer – vi söker en erfaren techrekryterare Knowit Connectivity fortsätter att växa och vi söker nu en driven och självgående kollega till vår rekryteringsfunktion. Vi letar efter dig som har flera års erfarenhet av techrekrytering, gillar att ta stort eget ansvar och trivs i när..."
30469415,Konsultchefsassistent,Logent Bemanning AB,sv,True,,,,,,"Vi söker just nu en konsultchefs-assistent som är intresserad av rekrytering och bemanning som kan starta omgående.Du kommer sitta på vårt kontor i Stockholm. Vi arbetar främst med rekrytering och bemanning av kollektiv personal. På våra kontor möter du varje dag lättsam stämning, öppna dörrar och h..."
30469389,Projektledare Bygg och Installationer,Centio Consulting Group AB,sv,True,,,,,,Vi söker en Senior Projektledare Bygg och Installationer till en myndighet inom trafik.  Detta är ett flerårigt konsultuppdrag. Stationeringsort är Stockholm. Tjänsten är på heltid. Uppdraget innebär ett nära samarbete med kunden vilket ställer stora krav på flexibilitet och samarbetsförmåga. Uppdra...
30469369,"Blomsterfondens äldreboende i Älvsjö söker undersköterskor, tillsvidare",FÖREN BLOMSTERFONDEN,sv,True,,,,,,"Blomsterfonden – för ett tryggare och rikare liv för äldre  Blomsterfonden är en ideell förening som arbetar för att äldre ska få ett tryggt hem, professionell vård och omsorg med en meningsfull vardag.  Vi driver fem seniorboenden med levande social gemenskap, egen hemtjänst och fyra äldreboenden d..."
30469346,Fastighetsskötare,Statens Fastighetsverk,sv,True,,,,,,"Det är på regeringens uppdrag som Statens fastighetsverk förvaltar vårt gemensamma natur- och kulturarv. Vi förvaltar en mångfald av statligt ägda fastigheter – däribland regeringsbyggnader, domstolar, slott och kungsgårdar, teatrar, museer, ambassader samt en sjundedel av landets yta bestående av s..."
30469241,Operativ handläggare inom säkerhersunderrättelse,Säkerhetspolisen,sv,True,,,,,,Är det viktigt för dig att ha ett arbete där du gör skillnad varje dag och som dessutom är utvecklande och ansvarsfullt? Brinner du för att skydda Sverige och demokratin och har ett intresse för försvars- och säkerhetspolitik? Då ska du söka jobbet som operativ handläggare inom säkerhetsunderrättels...
30469234,Blomsterfondens äldreboende Liseberg söker undersköterskor,FÖREN BLOMSTERFONDEN,sv,True,,,,,,"Blomsterfonden – för ett tryggare och rikare liv för äldre  Blomsterfonden är en ideell förening som arbetar för att äldre ska få ett tryggt hem, professionell vård och omsorg med en meningsfull vardag.  Vi driver fem seniorboenden med levande social gemenskap, egen hemtjänst och fyra äldreboenden d..."
30469230,Projekteringsledare -Bygg & Installationer,Centio Consulting Group AB,sv,True,,,,,,Vi söker en Senior Samordnande projekteringsledare -Bygg & Installationer till en myndighet inom trafik.  Detta är ett flerårigt konsultuppdrag. Stationeringsort är Stockholm. Tjänsten är på heltid. Uppdraget innebär ett nära samarbete med kunden vilket ställer stora krav på flexibilitet och samarbe...
30469144,Arkivarie,Stockholms Universitet,sv,True,,,,,,"Stockholms universitetsbibliotek är ett universitetsbibliotek i framkant.  Vi är ledande inom öppen vetenskap och erbjuder högkvalitativa tjänster inom hela vår verksamhet. Vår bredd omfattar allt från traditionella bibliotekstjänster till vetenskaplig publicering, hantering av forskningsdata samt..."
30469156,Category Manager Marketing Procurement,MultiMind Bemanning AB,en,False,,,,,,Senior (6-10 years´ experience) Project: Marketing Procurement Location: Stockholm Period from: 2026-02-02 Period to: 2026-06-30  Job description:  Category Manager Marketing Procurement to H&M Group  H&M Group is a global company of strong fashion brands and ventures. Our goal is to prove that ther...
30469089,Verksamhetsutvecklare IT,W5 Solutions AB (publ),sv,True,,,,,,"W5 Solutions är en ledande leverantör av avancerade system och lösningar för försvar, säkerhet och samhällsskydd. Vi stödjer svenska och internationella myndigheter samt industriella aktörer med teknologier och tjänster som stärker operativ förmåga inom våra tre affärsområden Training, Power, och In..."
30469105,Group Head of Procurement,W5 Solutions AB (publ),en,False,,,,,,"W5 Solutions develops and delivers cutting-edge systems and solutions for defence and civil protection, serving Swedish and international government agencies as well as industry partners.With a strong focus on sustainability and innovation, we provide advanced solutions in Training, Power, and Integ..."
30469084,Junior Group Business Controller,Securitas AB,en,False,,,,,,"We are looking for a result-oriented, analytical and technically skilled individual to take on an impactful role within a transformative and data-driven setting. In this position you will be working as a junior member of the Business Controlling team and play an integral role in redefining the team’..."
30469098,Miljö- och hållbarhetskonsult,Frank Projektpartner AB,sv,True,,,,,,"Välkommen till Frank! Här växer både du och vi – tillsammans Vill du utvecklas i din yrkesroll och samtidigt vara med och påverka framtidens samhällsbyggande? Då har du kommit rätt. Vi erbjuder en inkluderande och dynamisk arbetsmiljö där vi arbetar med intressanta projekt, professionella kunder i b..."
30469060,Interimschef till en myndighet i Stockholm,Selecta Recruitment AB,sv,True,,,,,,"Roll: Interimschef Omfattning: 100% Uppdragstid: 2026-02-01 - 2026-06-30 Placeringsort: Stockholm   Om uppdraget: Inom myndighetens HR-avdelnings sektion för arbetsgivarpolitik kommer en ny enhet att inrättas med ansvar för lön, system och bemanning. I avvaktan på rekrytering av ordinarie enhetschef..."
30469035,Tandsköterska till Aqua Dental Nacka,Aqua Dental AB,sv,True,,,,,,"Hej blivande tandsköterska-kollega! Är du nyfiken på Aqua Dental och att bli en #Aquarebel? En #Aquarebel kännetecknas av värderingar som respekt för patienter och kollegor, en nyfiken, lyhörd och noggrann attityd, samt ett proaktivt och samarbetsvilligt förhållningssätt. Detta är inte något man bli..."
30469004,Mobility Operations Specialist - 1 year temporary contract,H & M Hennes & Mauritz Gbc AB,en,False,,,,,,"WHO WE ARE  H&M Group is a global company of strong fashion brands and ventures. Our goal is to prove that there is no compromise between exceptional design, affordable prices, and sustainable solutions. We want to liberate fashion for the many, and our customers are at the heart of every decision w..."
30468975,Lättmatros till passagerarbåt,ERA Shipping AB,sv,True,,,,,,ERA Shipping driver och bemannar 3 fartyg på uppdrag av Strömma turism & Sjöfart; m/s Prins Carl Philip m/s Mälar Victoria m/s Delfin VI Fartygen tar upp till 300 passagerare och trafikerar såväl Saltsjön som Mälaren på reguljära turlistor samt charteruppdrag.  Inför sommarsäsongen söker vi nya enga...
30468984,Handläggare GOP och CSM RA,Centio Consulting Group AB,sv,True,,,,,,"Vi söker Handläggare GOP och CSM RA till projektet Göteborg–Borås. Detta konsultuppdrag är på heltid med 60 % distansarbete och placering i Göteborg. Uppdraget består av två delar, vardera motsvarande 50 %, och kan utföras av en resurs på 100 % eller delas mellan två resurser. Arbetet kräver nära sa..."
30468069,Konsultchef inom vårdbemanning ,Agito Sverige AB,sv,True,,,,,,"Vill du arbeta i ett stabilt bolag där du får ta ansvar, skapa möjligheter och driva affären framåt i vården? Nu söker Agito Sverige AB en noggrann, flexibel och affärsdriven Konsultchef som vill vara med och utveckla vårdbemanning i ett bolag med över 20 års erfarenhet, starka ägare och en tydlig f..."
30468858,Psykiatrisjuksköterska till Ofelia Vård,Ofelia Vård AB,sv,True,,,,,,"Ofelia Vård AB är tillsammans med Skandinavisk Hälsovård, Svensk Närsjukvård, Doc Care, HLR Landslaget och Linguacom, en del av Skandinavisk Hälsovård Group.    Ofelia Vård är ett auktoriserat bemanningsföretag med medlemskap i Kompetensföretagen. Med detta följer en garanti på att vi följer arbetsm..."
30468843,Operativ Teamleader till terminal i södra Stockholm,Bemannix AB,sv,True,,,,,,"Vill du ta nästa steg i logistiken – och samtidigt vara med där det händer? Är du morgonpigg, handlingskraftig och trivs när du får ta ansvar? Har du erfarenhet från logistik eller distribution och gillar att både leda andra och vara operativ själv? Då kan detta vara rollen för dig! Vi söker nu näst..."
30468813,Fälttekniker till Medclair,Bravura Sverige AB,sv,True,,,,,,"Vill du arbeta hands-on med banbrytande cleantech och lösa tekniska utmaningar på riktigt? För Medclair söker vi en fälttekniker som felsöker, reparerar och optimerar företagets världsunika lustgasreningssystem – både i verkstaden och ute hos kunder runt om i Europa. Om tjänsten Den här tjänsten är ..."
30468749,Customer Service Consultant - Finsktalande,Jobbusters AB,sv,True,,,,,,"Din nya roll  I rollen som Customer Service Consultant blir du en viktig del av Customer Service-organisationen hos ett internationellt bolag inom life science/medtech. Du arbetar i en dynamisk och tvärfunktionell miljö där hög servicegrad, struktur och samarbete är avgörande för att lyckas. Uppdrag..."
30468730,Bagare till Shop in Shop Fazer Bageri,Fazer Sweden AB,sv,True,,,,,,Redo för ett välsmakande jobb? Bli en del av Fazers koncept Shop in Shop.  Vi söker bagare som kan arbeta 12-15 timmar/vecka till vårt koncept Shop in shop i Stockholms regionen.   Om du liksom oss älskar att baka bröd från grunden och vill vara med och påverka framtidens brödmarknad så rekryterar v...
30468724,Plattsättare,Jobway AB,sv,True,,,,,,"Vill du arbeta på ett företag där yrkesstolthet, frihet under ansvar och god gemenskap är viktiga delar? Är du en plattsättare som värdesätter kvalitet, noggrannhet och att arbeta med spännande projekt i ett kunnigt team? Då vill vi gärna höra mer om dig – ansök idag! Du kommer främst att arbeta med..."
30468633,Akademikernas a-kassa söker återkravshandläggare,Akademikernas Erkända Arbetslöshetskassa,sv,True,,,,,,Vill du bidra till ett välfungerande trygghetssystem och en flexibel arbetsmarknad? Nu söker vi handläggare som ska arbeta med återkravsärenden och säkerställa korrekta utbetalningar.   Bli en del av Sveriges största a-kassa Akademikernas a-kassa är Sveriges största a-kassa med över 805 000 högskole...
30468659,Projektledare,Jobway AB,sv,True,,,,,,"Vill du arbeta på ett företag där yrkesstolthet, frihet under ansvar och god gemenskap är viktiga delar? Är du en projektledare som värdesätter kvalitet, struktur och nöjda kunder? Då vill vi gärna höra mer om dig – ansök idag! Som projektledare ansvarar du för att planera, leda och följa upp våra v..."
30468656,Blomsterfondens äldreboende i Älvsjö söker en arbetsterapeut,FÖREN BLOMSTERFONDEN,sv,True,,,,,,"Blomsterfonden – för ett tryggare och rikare liv för äldre  Blomsterfonden är en ideell förening som arbetar för att äldre ska få ett tryggt hem, professionell vård och omsorg med en meningsfull vardag.  Vi driver fem seniorboenden med levande social gemenskap, egen hemtjänst och fyra äldreboenden d..."
30468515,Junior Insight Consultant with focus on Marketing & Brand management,Ipsos AB,en,False,,,,,,Through our ability to translate insights into concrete recommendations we build close partnerships with our clients that help them do better business and make Ipsos the largest insight company in Sweden.  Your profile  Ipsos is looking for a newly graduated team player with focus on Marketing and B...
30468490,Product Owner  Finance Digital & IT Solutions,SANDVIK AB,en,False,,,,,,"Do you thrive on driving digital transformation and shaping the future of finance IT solutions? At Sandvik Group IT, we’re looking for a Product Owner who’s ready to lead strategic initiatives, collaborate across teams, and make a real impact on how we work with technology. This is your chance to in..."
30468495,Ljusdesigner,Westal AB,sv,True,,,,,,"Arbetsbeskrivning  Som ljusdesigner jobbar du tätt med sälj och  ingår i marknad-/produktdivisionen. Dina arbetsuppgifter kommer i huvudsaken vara ljusplanering, offerthantering och uppföljning. Tjänstens placeringsort är antingen i Göteborg, Stockholm eller Bankeryd.    Vem är du?   Vi söker engage..."
30468451,Avarn söker ordningsvakter – ledande aktör inom ordningshållning,Avarn Security AB,sv,True,,,,,,"Är du redan ordningsvakt eller ska du bli ordningsvakt och vill arbeta under sommaren 2026? Avarn söker just dig!  Om Avarn Security  Avarn Security är ett företag med viktigt samhällsengagemang. Vi bidrar dygnet runt, året runt till ett tryggare samhälle. Vi lever våra värdeord Ansvar - Omtanke - S..."
30468469,Blomsterfonden söker vikarierande undersköterska till äldreboende i Älvsjö,FÖREN BLOMSTERFONDEN,sv,True,,,,,,"Blomsterfonden – för ett tryggare och rikare liv för äldre  Blomsterfonden är en ideell förening som arbetar för att äldre ska få ett tryggt hem, professionell vård och omsorg med en meningsfull vardag.  Vi driver fem seniorboenden med levande social gemenskap, egen hemtjänst och fyra äldreboenden d..."
30468371,Konservator med inriktning papper,Nationalmuseum,sv,True,,,,,,"Befattningen är en tillsvidareanställning på heltid. Provanställning om 6 månader kommer att tillämpas. Tillträde enligt överenskommelse.   Nationalmuseum är en statlig myndighet med ca 160 anställda som har i uppdrag att främja konsten, konstintresset och konstvetenskapen. Museets samlingar omfatta..."
30468365,Samordnare till Järva hemtjänst,Stockholms kommun,sv,True,,,,,,"Stockholm – vår huvudstad med miljoner drömmar, förväntningar och ambitioner. Vi jobbar för alla som lever här idag och i framtiden. Nu söker vi dig som vill tänka stort, nytt och annorlunda med oss – för stockholmarna.    Välkommen till Mitt Järva Hemtjänst!  Gillar du en fartfylld arbetsplats me..."
30468367,Utbildare inom kyl- och värmepumpsteknik,Clockwork Bemanning & Rekrytering AB,sv,True,,,,,,Om oss Clockwork Skolbemanning & Rekrytering är företaget med mångårig erfarenhet av skolverksamhet. Vi bistår huvudmän och skolledare över hela landet med bemanning och rekrytering av all skolpersonal – från förskola till yrkeshögskola. Vi arbetar mot samtliga skolformer och kan genom goda samarbet...
30468376,Operatörer sökes till Octapharmas lager!,Uniflex AB,sv,True,,,,,,Om tjänsten På uppdrag för vår kund Octapharma inom läkemedelsindustrin söker vi nu Operatörer att arbeta med storage och distribution i Hornsberg!  Du kommer arbeta på deras site i Hornsberg. Octapharma är ett välkänt läkemedelsföretag och letar efter nya medarbetare inom företaget. Du kommer vara ...
30468324,Pensionsspecialist till Bank i centrala Stockholm,Capega AB,sv,True,,,,,,Administratör inom kollektivavtalade pensioner – uppdrag hos Storbank På uppdrag av vår kund som är en Storbank söker vi nu en erfaren administratör inom kollektivavtalade pensioner. Här får du möjlighet att arbeta i en central roll med ansvar för hantering av pensionsärenden kopplade till BTP1 och ...
30468184,Risk Managers for the savings business,Swedbank AB,en,False,,,,,,Are you passionate about savings and non-financial risk? Swedbank is strengthening its savings area and is looking for candidates to support a strong risk culture and drive improvements in the area  In Swedbank you have the opportunity to: Contribute to continuous and active non-financial risk manag...
30468156,Utredare till området utrikeshandel och beredskap,Kommerskollegium,sv,True,,,,,,"Har du ett stort intresse för utrikeshandel, EU:s ekonomiska säkerhet och beredskapsfrågor i en geopolitiskt omvälvande tid? Då ska du söka dig till oss!  Kommerskollegium är Sveriges myndighet för frågor som rör utrikeshandel, EU:s inre marknad och EU:s handelspolitik. Vårt huvudsakliga uppdrag är ..."
30468080,Arbetsledare betong Stora projekt - Stockholm,Skanska Sverige AB,sv,True,,,,,,"Region Stora projekt ansvarar för några av Skanskas mest spännande och samhällsviktiga anläggnings- och infrastrukturprojekt. Nu söker vi engagerade arbetsledare för våra växande team, närmast på vårt projekt Slussen och till BECCS, ett projekt med klimatfokus för koldioxidinfångning.   Läs mer om B..."
30468021,Ekonom till Exploateringskontoret,Stockholms kommun,sv,True,,,,,,"Stockholm – vår huvudstad med miljoner drömmar, förväntningar och ambitioner. Vi jobbar för alla som lever här idag och i framtiden. Nu söker vi dig som vill tänka stort, nytt och annorlunda med oss – för stockholmarna.  På exploateringskontoret har vi en viktig roll i att utveckla och bygga huvudst..."
30467935,VVS montör,Jobway AB,sv,True,,,,,,"Vill du arbeta på ett företag där yrkesstolthet, frihet under ansvar och god gemenskap är viktiga delar? Är du en erfaren VVS-montör som värdesätter kvalitet, noggrannhet och att arbeta med spännande projekt i ett kunnigt team? Då vill vi gärna höra mer om dig – ansök idag! Du kommer främst arbeta m..."
30467884,Adjunkt i statsvetenskap,Stockholms Universitet,sv,True,,,,,,"Statsvetenskapliga institutionen är en dynamisk och stark utbildnings- och forskningsinstitution vid Samhällsvetenskapliga fakulteten vid Stockholms universitet.  Institutionen strävar efter att vara nationellt ledande och internationellt framstående inom forskning och utbildning. Statsvetenskapli..."
30467823,Säkerhetstekniker,Jobway AB,sv,True,,,,,,"Är du säkerhetstekniker och ute efter nya möjligheter? Är du en driven och serviceinriktad person som ser lösningar? Då vill vi höra mer om dig, ansök idag! I tjänsten som säkerhetstekniker hos Stockholm Security kommer du arbeta med spännande och varierande arbetsuppgifter med frihet under ansvar. ..."
30467838,Servicechef,Jobway AB,sv,True,,,,,,"Har du erfarenhet av tekniskt servicearbete och ledarskap – och vill leda ett team inom framtidens energilösningar? Åt kunds räkning söker vi nu en Servicechef till Kista som vill ansvara för och utveckla servicenheten med tekniker som arbetar med batterilösningar, solcellssystem och växelriktare. A..."
30467788,Nätverkstekniker – konsultuppdrag,A-Talent Tech Management Sweden AB,sv,True,,,,,,Plats: Sundbyberg Omfattning: 100 % Distansarbete: Upp till max 50 % Uppdragsperiod: 1 mars 2026 – 31 december 2026 (Möjlighet till förlängning till 2028) Övrigt: Uppdraget kräver säkerhetsprövning & registerkontroll  Om uppdraget I rollen blir du en del av ett specialistteam som ansvarar för organi...
30467564,Team Lead Program Planner - 504905,Alstom Transport AB,en,False,,,,,,"At Alstom, we understand transport networks and what moves people. From high-speed trains, metros, monorails, and trams, to turnkey systems, services, infrastructure, signalling and digital mobility, we offer our diverse customers the broadest portfolio in the industry. Every day, more than 80 000 c..."
30467530,HR Specialist | Jefferson Wells | Stockholm,Experis AB,sv,True,,,,,,"Har du erfarenhet av HR, rekrytering och konsultativt stöd till chefer - och söker nästa steg i din karriär som HR Specialist i Stockholm? Jefferson Wells söker nu en HR Specialist för ett spännande och långsiktigt konsultuppdrag hos en myndighet. I rollen som HR Specialist arbetar du brett inom HR-..."
30467525,Senior .Net Fullstack Developer,NOBA Bank Group AB (publ),en,False,,,,,,"At NOBA, we’re all about collaboration, curiosity, and tackling tech challenges together. As part of our skilled dev team, you’ll dive into both backend and frontend work, solving problems with people who genuinely enjoy building great things. We’re forming a brand-new development team in Stockholm ..."
30467435,Kundtjänstmedarbetare,Medla Sverige AB,sv,True,,,,,,RecNet arbetar för att förenkla kontakten mellan arbetsgivare och arbetstagare. LÅT OSS HITTA JOBBET ÅT DIG! Vi letar aktivt jobb åt dig utifrån dina krav och erfarenheter. Över 80% av de som registrerar sig får ett jobberbjudande inom 1 vecka. Registrera dig snabbt och enkelt på RecNet.se  Vi söker...
30467386,Vi söker en kommunikativ drifttekniker till Riksbyggen!,Academic Work Sweden AB,sv,True,,,,,,"Drifttekniker till Riksbyggen – Vi söker dig som vill arbeta med teknik, service och fastigheter!  På Riksbyggen, en trygg arbetsgivare med fokus på hållbarhet och kvalitet, präglas vår arbetsgrupp av stabilitet, gott samarbete och hög trivsel. Här får du ett tillitsbaserat ledarskap och möjlighet a..."
30467374,Insights Consultant till Lynxeye,Academic Work Sweden AB,sv,True,,,,,,"Det här är en roll för dig med stark analytisk förmåga och ett tydligt driv att skapa värde genom datadrivna insikter. Genom att arbeta med både kvantitativ och kvalitativ data ger du strategisk vägledning som stöttar utvecklingen av kunders varumärken. Tjänsten utgår från kontoret i Stockholm, samt..."
30460307,Instrumentmontör,Swema AB,sv,True,,,,,,"Vi tror du har de flesta av de här egenskaperna: Noggrann i hantverket och i montering av små delar. effektiv och säker med mikroskop, hand- och elverktyg. Duktig på att löda kablage och komponenter. snabb på  att lära dig PC-program God förståelse för elektronik, ritningar och skisser. Kunna mäta s..."
30466403,Sjuksköterska till Sabbatsbergsbyns vård- och omsorgsboende,Stockholms kommun,sv,True,,,,,,"Stockholm – vår huvudstad med miljoner drömmar, förväntningar och ambitioner. Vi jobbar för alla som lever här idag och i framtiden. Nu söker vi dig som vill tänka stort, nytt och annorlunda med oss – för stockholmarna.  Norra innerstadens stadsdelsområde består av de centrala delarna av Stockholm, ..."
30356904,Sommarjobb elevassistent / kolloledare,Utepedagogik Sverige AB,sv,True,,,,,,"Vill du vara del i ett kreativt team, som arbetar för att ge barnen deras bästa sommarupplevelse? Vill du också vara med om en utveckling som pedagog samt som människa? Sök då rollen som kolloledare på vår kollogård Udden med verksamhet för cirka 55 barn i åldern 9-12 år. Arbetsuppgifter Din uppgift..."
30467219,Finsktalande barnvakt 4-5 dagar i veckan -  Stockholm,Solidum Sverige AB,en,False,,,,,,"Solidum Sverige AB/Barnakademin has been providing families with high-quality childcare services since 2008. We offer creative childcare in Swedish and specialize in bilingual babysitting services.   Our Clients: We work with families whose children are between 1 and 6 years old, requiring assistanc..."
30467135,Sommarjobb,Utepedagogik Sverige AB,sv,True,,,,,,Sök ditt sommarjobb för nästa år redan nu! Vill du bredda dina kunskaper som pedagog samtidigt som du också utvecklas på det personliga planet? Sök då sommarjobb som kolloledare på Utepedagogiks kollogårdar i sommar. Arbetsuppgifter Din uppgift som kolloledare på Utepedagogiks kollogårdar är att ans...
30467123,Föreståndare till kollo,Utepedagogik Sverige AB,sv,True,,,,,,Vill du vara med och utveckla vår kolloverksamhet samtidigt som du växer i din ledarroll och hjälper din personal att bli bättre? Vi söker en föreståndare med erfarenhet av att arbetsleda och utveckla personal som brinner för att arbeta med barn. Kollo innebär dygnet runt-verksamhet och att jobba på...
30467064,Entrecon Consulting söker projektledare bygg med industrierfarenhet,EntreCon Consulting AB,sv,True,,,,,,"Har du erfarenhet av projektledning av större industriprojekt och god förståelse för lagar och myndighetskrav? Entrecon Consulting får löpande förfrågningar från våra kunder på duktiga och erfarna projektledare.   Uppdraget  Uppdragen kommer att vara ny-, om- och tillbyggnation av industri och rolle..."
30467044,IT Security Architect,Avaron AB,sv,True,,,,,,"Om företaget Avaron AB är ett växande konsultbolag med fokus på teknik, finans och verksamhetsstöd. Vi matchar din spetskompetens med marknadens mest intressanta uppdrag och erbjuder en plattform där din utveckling står i centrum. Om uppdraget Vi söker ett team för att etablera och uppföra ett säker..."
30466981,Senior Training Manager,Avaron AB,sv,True,,,,,,"Om företaget Avaron AB är ett växande konsultbolag med fokus på teknik, finans och verksamhetsstöd. Vi matchar din spetskompetens med marknadens mest intressanta uppdrag och erbjuder en plattform där din utveckling står i centrum. Om uppdraget Som Training Manager har du en central roll i leveranspr..."
30466966,Senior .NET-utvecklare inom IAM och säker integration,Avaron AB,sv,True,,,,,,"Om företaget Avaron AB är ett växande konsultbolag med fokus på teknik, finans och verksamhetsstöd. Vi matchar din spetskompetens med marknadens mest intressanta uppdrag och erbjuder en plattform där din utveckling står i centrum. Om uppdraget Vi söker en senior .NET-utvecklare till ett uppdrag där ..."
30466930,Senior Tillgänglighetsspecialist,Avaron AB,sv,True,,,,,,"Om företaget Avaron AB är ett växande konsultbolag med fokus på teknik, finans och verksamhetsstöd. Vi matchar din spetskompetens med marknadens mest intressanta uppdrag och erbjuder en plattform där din utveckling står i centrum. Om uppdraget Vi söker en senior tillgänglighetsspecialist som ger löp..."
30466912,Testledare,Avaron AB,sv,True,,,,,,"Om företaget Avaron AB är ett växande konsultbolag med fokus på teknik, finans och verksamhetsstöd. Vi matchar din spetskompetens med marknadens mest intressanta uppdrag och erbjuder en plattform där din utveckling står i centrum. Om uppdraget Vi söker en testledare till ett omfattande nyutvecklings..."
30466901,Entrecon Consulting söker platschef bygg och fastighet,EntreCon Consulting AB,sv,True,,,,,,Har du erfarenhet av att leda och fördela arbete i byggentreprenader? Entrecon Consulting får löpande förfrågningar från våra kunder på erfarna platschefer.  Vi tar emot ansökningar löpande och matchar med förfrågan från våra kunder och beställare. Du kommer att bli anställd hos Entrecon Consulting ...
30466886,Entrecon Consulting söker platschef bygg och fastighet,EntreCon Consulting AB,sv,True,,,,,,Har du erfarenhet av att leda och fördela arbete i byggentreprenader? Entrecon Consulting får löpande förfrågningar från våra kunder på erfarna platschefer.  Vi tar emot ansökningar löpande och matchar med förfrågan från våra kunder och beställare. Du kommer att bli anställd hos Entrecon Consulting ...
30466882,Entrecon Consulting söker Installationssamordnare/installationsledare,EntreCon Consulting AB,sv,True,,,,,,Är du en kommunikativ person med tidigare erfarenhet av att vara spindeln i nätet  inom installationsprojekt? Entrecon Consulting har flera förfrågningar från våra kunder på seniora och erfarna installationssamordnare/installationsledare. Du kommer att bli anställd hos Entrecon Consulting och jobba ...
30466880,Entrecon Consulting söker Installationssamordnare/installationsledare,EntreCon Consulting AB,sv,True,,,,,,Är du en kommunikativ person med tidigare erfarenhet av att vara spindeln i nätet  inom installationsprojekt? Entrecon Consulting har flera förfrågningar från våra kunder på seniora och erfarna installationssamordnare/installationsledare. Du kommer att bli anställd hos Entrecon Consulting och jobba ...
30466761,Senior Android Engineer,FishBrain AB (publ),en,False,,,,,,"The Fishbrain Team has built and maintains the #1 fishing app in the US, designed for people who are passionate about fishing and outdoors. Our mission is to deliver an incredible experience that helps anglers achieve their fishing dreams, today and tomorrow. Want to take America's #1 fishing app wi..."
30466759,Ekonomichef till ChargeBuddy - Solna,EdZa AB,sv,True,,,,,,"ChargeBuddy befinner sig i en expansiv fas och söker nu en Ekonomichef som vill ta ett övergripande ansvar för bolagets ekonomifunktion. Rollen är affärskritisk och innebär ett nära samarbete med VD, ledningsgrupp och verksamheten i stort. Här erbjuds du möjlighet att bidra till strukturer, styrning..."
30466663,Teknisk skribent med IT-kunskap i Lund,Dokumentera Eu AB,sv,True,,,,,,"Är nu noggrann och strukturerad? Har du djup IT-kunskap, gärna med erfarenhet av mjukvarudokumentation? Vill du hjälpa våra kunder med att skapa en dokumentation som är lätt att hitta, lätt att förstå och lätt att använda?   Vi växer och söker fler fantastiska kollegor! Vi har spännande uppdrag på g..."
30466632,Teknisk skribent med IT-kunskap,Dokumentera Eu AB,sv,True,,,,,,"Är nu noggrann och strukturerad? Har du djup IT-kunskap, gärna med erfarenhet av NIS2, IT-säkerhet eller API:er? Vill du hjälpa våra kunder med att skapa en dokumentation i världsklass? Vi har spännande uppdrag på gång hos våra kunder och nu söker vi dig med en mycket god IT-kunskap som vill jobba s..."
30466630,UX Designer - 8 Month Fixed Contract,Toca Boca AB,en,False,,,,,,"Do you want to design intuitive, seamless, and engaging user experiences for Toca Boca World—an app loved by millions of kids around the globe?  As a UX Designer on the Toca Boca World team, you’ll play a key role in ensuring that every player can enjoy smooth, meaningful interactions that support d..."
30466624,Dokumentsamordnare,Dokumentera Eu AB,sv,True,,,,,,"Är du noggrann och strukturerad? Har du teknikintresse, social kompetens och erfarenhet av projektarbete? Vill du jobba med dokumentation och utvecklas med ett gäng sköna dokumentationsexperter? Vi växer och söker fler fantastiska kollegor! Nu söker vi dokumentsamordnare för spännande uppdrag i Stoc..."
30466626,Skadereglerare Sjuk & Olycksfall,Länsförsäkringar Stockholm,sv,True,,,,,,Är du en självständig problemlösare på jakt efter nästa utmaning inom skadereglering? Motiveras du av att hantera kluriga ärenden och sammanställa information till en helhetsbild? Vill du dessutom vara med och hjälpa personer i svåra livssituationer? Då är det dig vi söker till denna tjänst!  Om job...
30466607,Gymkoordinator på deltid till Fitness24Seven,Adecco Sweden AB,sv,True,,,,,,Om tjänsten Som Gymkoordinator hos Fitness24Seven i Hötorget kommer du att arbeta i en dynamisk och hälsoinriktad miljö där ditt huvudansvar är att säkerställa att gymmet är i toppskick och att medlemmar får den bästa möjliga upplevelsen.  Du kommer tillhöra klustret Hötorget och arbeta på anläggnin...
30466562,Strategic Account Manager,Foodora AB,en,False,,,,,,"Are you ready to take the lead in shaping the future of food delivery partnerships? At foodora, we’re looking for a driven and strategic Key Account Manager to build and grow relationships with our most influential restaurant partners. This is your chance to work at the heart of a fast-paced, data-d..."
30466543,Senior DevOps Engineer,Stillfront Group AB (publ),en,False,,,,,,"We are looking for a Senior DevOps with experience working with a heavily distributed and senior engineering group to join our Data Platform team to support group management, hubs (marketing, ad-monetization, finance), game studios, and strategic projects with data and analytics capabilities. The Da..."
30466512,Project Manager (Pension & Insurance),Benifex Sweden AB,en,False,,,,,,"Who are Benifex? 💚💜 We are a fast-moving technology company, and one of the most successful providers of online reward and benefits solutions in the world. We believe that everyone deserves an exceptional experience at work, every day, and build workplace technology that makes this happen. Benifex’s..."
30466481,Senior Project Manager,Northab AB,en,False,,,,,,"Senior Project Manager – Private Sector  Location: Flexible / Hybrid Employment Type: Full-time Experience Required: Minimum 5 years  About the Company  We are a forward-thinking, privately owned organization operating in a dynamic and competitive market. With a strong focus on growth, innovation, a..."
30466370,Projekteringsledare bygg åt kund,Bustos Konsulttjänster AB,sv,True,,,,,,Vem är du? Som projekteringsledare hos vår kund har du en central roll som länk mellan projektutveckling och produktion. Rollen innebär att leda och samordna projekteringsarbetet för att säkerställa att projektets krav och mål uppnås. Som projekteringsledare deltar du redan i projektets tidiga utfor...
30466304,Montörer till Trimble - Norra Stockholm!,WeStaff Sweden AB,sv,True,,,,,,"Vill du arbeta med teknik i framkant, hos ett globalt techbolag vars produkter används världen över?  Nu söker vi dig som vill bli en del av Trimble, ett internationellt ledande teknikföretag som utvecklar avancerade lösningar inom bl.a. positionering, GNSS-teknik, geospatiala system, automatisering..."
30466286,Teknisk montör - Stockholm!,WeStaff Sweden AB,sv,True,,,,,,"Teknikintresserad? Vi söker montörer till spännande uppdrag i norra Stockholm! Är du händig, gillar att skruva och vill jobba med smart teknik i ett tryggt och trevligt team? Då kan detta vara ditt nästa jobb!  WeStaff Sweden söker nu flera tekniska montörer till ett världsledande teknikföretag med ..."
30466280,Configuration Specialist,Benifex Sweden AB,en,False,,,,,,"Who are Benifex? 💚💜 We are a fast-moving technology company, and one of the most successful providers of online reward and benefits solutions in the world. We believe that everyone deserves an exceptional experience at work, every day, and build workplace technology that makes this happen. Benifex’s..."
30466296,Personlig assistent sökes till en man i Vällingby,Nordström Assistans AB,sv,True,,,,,,Nu söker vi på Nordström Assistans Dig som har hjärtat på rätt ställe och som vill tillgodose en människas liv med särskilda insatser.Om tjänstenVi söker nu en personlig assistent till en rullstolsburen man som bor i Vällingby. Tjänsten är en deltidstjänst på ca. 12-13 timmar/veckan. Dina arbetsuppg...
30466254,Monteringsoperatör -Norra Stockholm!,WeStaff Sweden AB,sv,True,,,,,,"Är du teknikintresserad? Vi söker montörer/operatörer till spännande uppdrag i norra Stockholm! Gillar du att skruva, följa ritningar och arbeta praktiskt i en modern produktionsmiljö? Trivs du när kvalitet, struktur och teamwork står i fokus? Då kan detta vara rätt roll för dig! WeStaff Sweden söke..."
30466271,Operatör till Securitas Stockholm,Securitas Sverige AB,sv,True,,,,,,"Företagsbeskrivning Securitas har en viktig roll i samhället och förvaltar ett av Sveriges viktigaste uppdrag - att skydda och hjälpa människor att känna sig trygga. Nu har du chansen att bli en del av Sveriges största säkerhetsföretag. Oavsett om du vill jobba mycket eller lite, dag eller natt så b..."
30466239,Project Manager / Coordinator,Jobbusters AB,en,True,,,,,,"Your New Role  As a Project Manager / Coordinator within Business Continuity, you will play a key role in strengthening the organization’s resilience against business disruptions caused by incidents and cybersecurity threats. You will work hands-on with planning, coordination and execution of Busine..."
30466154,Jourutredningsbefäl till utredningsjoursektionen Solna,Polismyndigheten,sv,True,,,,,,Är du redo för en större uppgift? Polismyndigheten är Sveriges största myndighet med ca 40 000 medarbetare över hela landet. Hos oss får du möjlighet att bidra till Polisens uppdrag  att öka tryggheten och minska brottsligheten i samhället.   I polisområde Stockholm nord bor närmare en miljon invåna...
30466125,Senior Procurement Specialist To Samsung!,MultiMind Bemanning AB,en,False,,,,,,We are currently looking for a Senior Procurement Specialist to an exciting opportunity with our client Samsung! This is a consultancy opportunity starting ASAP – until further notice.  About the company:  Help Us Create What Can´t Be Done  Everything we do at Samsung is driven by an unyielding pass...
30466096,Multitekniker till Caverion – uppdrag hos Trafikverket i Stockholm,Isaksson Rekrytering & Bemanning AB,sv,True,,,,,,Multitekniker till Caverion – uppdrag hos Trafikverket i Stockholm Vill du ha en varierad roll med stort eget ansvar där du varje dag bidrar till att hålla Sveriges infrastruktur i toppskick? Caverion söker nu en Multitekniker till vårt uppdrag hos Trafikverket i Stockholm. Här arbetar du i en unik ...
30466056,Säkerhetshandläggare  Expedition till Teracom,Teracom AB,sv,True,,,,,,Är du intresserad av att arbeta i spännande och dynamisk bransch med erfarna och kompetenta kollegor? Vill du vara med och arbeta med samhällskritisk infrastruktur där varje sekund gör skillnad? Då tror vi att du kommer att trivas hos oss.   Nu söker vi en Säkerhetshandläggare – Expedition till Tera...
30466037,Trädgårdsarbetare - Hemfrid Stockholm 2026,Hemfrid i Sverige AB,sv,True,,,,,,"Var med och bygg upp Hemfrids Trädgårdservice! Hos oss blir du en del av ett familjärt och engagerat team – det lilla trädgårdsbolaget i det stora företaget! Våra chefer har själva arbetat som trädgårdsmästare, vilket gör att vi verkligen förstår vardagen ute på fältet. Tillsammans har vi lång erfar..."
30465847,Installationselektriker till Stockholmsområdet,eLinked AB,sv,True,,,,,,Installationselektriker till Stockholmsområdet Arbetsgivare: eLinked AB Arbetsort: Stockholm Anställning: Tillsvidareanställning Omfattning: Heltid Tillträde: Enligt överenskommelse   Om tjänsten  Är du installationselektriker och vill ha ett schysst och stabilt jobb i Stockholmsområdet? Gillar du a...
30465819,Barnvakt Nanny Östermalm 3 ggr/v,2007 Nannynu AB,sv,True,,,,,,"Om Nannynu! / About Nannynu! Vi är ett av Sveriges största, första och mest prisbelönta barnvaktsföretag och stolta över att ha bra villkor i linje med kollektivavtal för alla våra anställda barnvakter. Vi tror på att leverera barnvakter i världsklass och då vi är ett växande företag söker vi nu Dig..."
30465644,Systemspecialist inom Microsoft,Acely AB,sv,True,,,,,,Vill du arbeta med samhällsviktig infrastruktur och bidra till att stärka Sveriges digitala säkerhet och beredskap? Vi söker nu en Systemspecialist som vill vara med och utveckla och förvalta en säker identitetsinfrastruktur hos en av landets mest samhällskritiska aktörer. Om rollen I rollen som Sys...
30465585,"Kära Socionom, är det oss du söker?",Vårdbemanning Sverige AB,sv,True,,,,,,"Vi söker personer med minst 3 års erfarenhet av myndighetsutövning inom något av Socialtjänstens alla områden. Vi söker dig som har arbetat med utredning inom t.ex. barn och unga, LSS, Äldre, Vuxen, Missbruk eller Ekonomiskt Bistånd. Har du någon av dessa kompetenser i ryggsäcken, är självgående och..."
30465600,Förändringsledare verksamhetsutveckling,Centio Consulting Group AB,sv,True,,,,,,Vi söker en Förändringsledare inom verksamhetsutveckling till en myndighet inom elkraft. Detta är ett konsultuppdrag. Stationeringsort är Stockholm.  Tjänsten är på heltid. Uppdraget innebär ett nära samarbete med kunden vilket ställer stora krav på flexibilitet och samarbetsförmåga. Uppdraget Förän...
30465522,Säkerhetsspecialist riskhantering och kontinuitetshantering,Vattenfall AB,sv,True,,,,,,Företagsbeskrivning Vattenfall Eldistribution AB är Vattenfalls elnätsverksamhet och ett av Sveriges största elnätsföretag. Vi ansvarar för en samhällsbärande infrastruktur som distribuerar el till mer än 900 000 företag och hushåll. Som medarbetare hos oss bidrar du varje dag till att samhället fun...
30465509,Research Analyst Position in Financial Economics (full-time),Handelshögskolan i Stockholm,en,False,,,,,,"The Department of Finance at the Stockholm School of Economics seeks applications for one full-time pre-doctoral research analyst position in empirical financial economics to start on or after 1 July 2026 (subject to agreement).  The position will suit intellectually curious candidates who are com..."
30465471,Undersköterska,SYNLAB Sverige AB,sv,True,,,,,,"SYNLAB Sverige AB är en del av SYNLAB-koncernen, Europas ledande leverantör av medicinsk diagnostisk service. På SYNLAB känner vi ett stort engagemang för det samhälle vi lever i och vill medverka till ett bättre, tryggare och friskare liv. Vi jobbar hela tiden med respekt för individen och med pati..."
30465271,Byggnads söker redovisningsansvarig,Svenska Byggnadsarbetarförbundet,sv,True,,,,,,Är du intresserad av att vidareutveckla arbetsprocesser? Söker du en roll där du kan påverka och göra skillnad? Då kan rollen som redovisningsansvarig på Byggnads förbundskontor vara din nästa utmaning. Välkommen att vidareutvecklas tillsammans med oss i en prestigelös miljö på ett av Sveriges stark...
30465413,Product Masterdata Administrator,MultiMind Bemanning AB,en,False,,,,,,This is a great opportunity for a professional looking to strengthen their expertise in master data administration while contributing to meaningful projects.  We are looking for a Product Masterdata Administrator to join a dynamic team in Gothenburg. This is 1-year contract with possibility of exten...
30465427,Blomsterfonden söker bovärd till Älvsjö/Liseberg,FÖREN BLOMSTERFONDEN,sv,True,,,,,,"Blomsterfonden – för ett tryggare och rikare liv för äldre  Blomsterfonden är en ideell förening som arbetar för att äldre ska få ett tryggt hem, professionell vård och omsorg med en meningsfull vardag.  Vi driver fem seniorboenden med levande social gemenskap, egen hemtjänst och fyra äldreboenden d..."
30465429,Kommerskollegium söker en beredskapshandläggare (vikariat),Kommerskollegium,sv,True,,,,,,"Kommerskollegium är Sveriges myndighet för utrikeshandel, handelsrelaterat internationellt utvecklingssamarbete, EU:s inre marknad och handelspolitik och arbetar bland annat med frågor som EU:s frihandelsavtal, svenska företags möjligheter att importera och exportera och fattigdomsbekämpning genom h..."
30465397,"Röntgensjuksköterskor, Sjuksköterskor eller Operationssjuksköterskor sökes",REGION STOCKHOLM,sv,True,,,,,,"Är du sjuksköterska, röntgensjuksköterska eller operationssjuksköterska som vill utveckla din kompetens och arbeta i en spännande och stimulerande högspecialiserad medicinskteknisk miljö? Varmt välkommen med din ansökan till oss på Neurointervention!  Du erbjuds att möta en prestigelös arbetsplats m..."
30465362,Biståndshandläggare till enheten för funktionsnedsättning,Stockholms kommun,sv,True,,,,,,"Stockholm – vår huvudstad med miljoner drömmar, förväntningar och ambitioner. Vi jobbar för alla som lever här idag och i framtiden. Nu söker vi dig som vill tänka stort, nytt och annorlunda med oss – för stockholmarna.  Skarpnäcks stadsdelsförvaltning erbjuder dig en arbetsplats där ett aktivt meda..."
30465351,HRBP,Recruitive AB,sv,True,,,,,,"Vi söker dig som brinner för människor, relationer och att skapa trygghet för både chefer och medarbetare! Just nu letar vi efter en HRBP-konsult till ett längre uppdrag hos en av våra kunders organisationer. Här får du möjlighet att arbeta nära verksamheten och vara en viktig del i både det dagliga..."
30465255,Legitimerad Sjuksköterska Sökes till Stockholm,Omsorg & Behandling 1 AB,sv,True,,,,,,Kollektivavtal:  Vi är medlem i Tjänsteföretagens Arbetsgivarförbund genom Almega och vi har gällande kollektivavtal för branschen.  Vi erbjuder dig:- Konkurrenskraftiga löner  - Friskvårdsbidrag  - Arbeta som underkonsult via eget bolag  - Konsultchefer som har kompetens och erfarenhet inom vården ...
30465189,Hisstekniker MOD/Rep OTIS Stockholm,Otis AB,sv,True,,,,,,"OTIS söker hisstekniker för reparation & modernisering av hissar i Stockholm MOVING PEOPLE FORWARD Otis värdeord är våra tre Absolutes: säkerhet, etik och kvalitet som alla medarbetare arbetar efter i sin vardag. Vi är en omväxlande, och spännande bransch med stor utvecklingspotential där man har st..."
30465145,Bistånds/LSS-handläggare sökes för konsultuppdrag i Stockholms län,Socionomera Bemanning AB,sv,True,,,,,,Om jobbet Vill du bidra till gott socialt arbete och samtidigt uppnå din fulla potential? Till vår avtalskommun söker vi en socionom som har minst tre års erfarenhet av myndighetsutövning inom kommunal verksamhet. Känner du att det är dags att ta nästa steg i karriären och vill veta mer om konsultli...
30465127,Allmänläkare till Kry Sickla,VårdIX AB,sv,True,,,,,,"Allmänläkare till Kry Sickla – vecka 8–16   Kry Sickla söker en allmänspecialist eller legitimerad läkare med god erfarenhet av primärvård för ett heltidsuppdrag under perioden 16 februari – 19 april 2026, med möjlighet till förlängning.   Om uppdraget  Uppdraget avser sedvanligt mottagningsarbete i..."
30465034,Almia söker distriktssköterska till Stockholm,Almia AB,sv,True,,,,,,"Gör det som du älskar, som konsult! Kvalifikationer Vi söker dig med minst två års erfarenhet. Vi ser gärna att du som konsult har god samarbetsförmåga, är noggrann, och ansvarstagande. Arbetsuppgifter Som distriktssjuksköterska hos Almia får du chansen att arbeta ute hos våra kunder med varierande ..."
30465032,Almia söker akutsjuksköterska till Haninge,Almia AB,sv,True,,,,,,"Gör det som du älskar, som konsult! Kvalifikationer Vi söker dig med minst två års erfarenhet. Vi ser gärna att du som konsult har god samarbetsförmåga, är noggrann, och ansvarstagande. Arbetsuppgifter Som akutsjuksköterska hos Almia får du möjligheten att arbeta ute hos våra kunder med varierande a..."
30464931,Analytics Engineer,Epidemic Sound AB,en,False,,,,,,"Join our global force of 500+ innovators, blending the latest in tech with the greatest in soundtracking, from our Stockholm HQ to offices in London, New York, Los Angeles, Berlin, Oslo, and Seoul. We’re an industry leader with a startup mentality. We take what we do seriously, but we don’t take our..."
30464950,Controller till Försvarshögskolan,Försvarshögskolan,sv,True,,,,,,"Försvarshögskolan är ett internationellt framstående lärosäte inom försvar, krishantering och säkerhet. Vi erbjuder en unik akademisk miljö där civilt möter militärt. Vi utbildar civila och militära chefer, experter och forskare som ska analysera och hantera dagens och framtida krissituationer och s..."
30464948,Informations- och it-säkerhetssamordnare - LFV,Experis AB,sv,True,,,,,,"Vi leder flyget - i takt med tiden, i alla lägen. LFV är Sveriges ledande aktör inom flygtrafikledning för civil och militär luftfart med tillhörande tjänster.    Vi erbjuder flygtrafikledning och relaterade tjänster både nationellt och internationellt. Våra flygledare leder dagligen cirka 2 000 fly..."
30464942,Project controller till växande konsultbolag,Columbus Sweden AB,sv,True,,,,,,"Om du är en controller som vill växa i ett ambitiöst internationellt bolag - då har vi rollen för dig! Vi söker nu en Project Controller som vill jobba verksamhetsnära, i en rådgivande roll och som gillar att jobba i team. Känner du dig träffad? Då ska du läsa vidare! Columbus är ett skandinaviskt I..."
30464702,Enhetschef Ledningsstöd VO Kommunikation och Utveckling,Specialpedagogiska Skolmyndigheten,sv,True,,,,,,"Vill du vara med och skapa de bästa förutsättningarna för en likvärdig utbildning? Vi på Specialpedagogiska skolmyndigheten, SPSM, arbetar för att alla barn, elever och vuxenstuderande med funktionsnedsättning ska nå målen för sin utbildning. Vi driver egna specialskolor på olika orter i Sverige. Vi..."
30464725,Arbetsledare El till Stockholm,Infranord AB,sv,True,,,,,,"Vill du vara med och bidra till en mer attraktiv, hållbar och effektiv infrastruktur?   Infranord erbjuder dig ett varierat arbete med omväxlande miljö där du själv kan vara med och påverka din arbetsdag. Med lång erfarenhet, hög kompetens och nya idéer driver Infranord utvecklingen av dagens och mo..."
30464723,Process Architect for Life Science & Pharma projects,Ramboll Sweden AB,en,False,,,,,,Job Description Join Ramboll’s specialised organisation of over 100 experts shaping the future of Pharma and Life Science projects – locally and globally. We are seeking an experienced Process Architect to take a leading role in planning and designing complex facilities for the Life Science and Phar...
30464670,Svea Vaccin söker regionansvarig till Stockholm,Svea Vaccin AB,sv,True,,,,,,"Vill du arbeta i ett expansivt företag där arbetsglädje, hög kompetens, trygghet och kundens hälsa är i fokus? Svea Vaccin är ett dynamiskt och innovativt företag som värdesätter kreativitet och engagemang. Just nu söker vi en driven Regionansvarig som som vill vara med och forma framtiden för vårt ..."
30464683,Assortment Planner,H & M Hennes & Mauritz Gbc AB,en,False,,,,,,"Job Description As an Assortment Planner at Weekday you will plan, buy, and optimize the best assortment for our target customer to drive responsible growth across all channels. You will collaborate closely with the product team to maximize the potential of our products and assortment.  WHAT YOU’LL ..."
30464679,Biträdande rektor,Stockholms kommun,sv,True,,,,,,"Stockholm – vår huvudstad med miljoner drömmar, förväntningar och ambitioner. Vi jobbar för alla som lever här idag och i framtiden. Nu söker vi dig som vill tänka stort, nytt och annorlunda med oss – för stockholmarna.  Vill du göra skillnad och vara en del i utvecklingen av en hållbar och likvärdi..."
30464632,Solution Architect,H & M Hennes & Mauritz Gbc AB,en,False,,,,,,"Job Description WHAT YOU’LL DO  We are seeking an experienced Solution Architect who will be responsible for the architecture of POS solutions, ensuring alignment with enterprise architecture standards and advancing the architecture toward the target state.  In addition to the above, your role will ..."
30464544,Erfaren VD/chefs assistent ,Poolia AB,sv,True,,,,,,"Nu söker vi dig som är mycket erfaren VD-assistent, chefsassistent eller chefssekreterare på hög nivå till kommundirektör.  - Omfattning: Heltid 100% - Start: Omgående  - Längd_ 6-9 månader (under en rekryteringsprocess)  Du blir anställd av Poolia men jobbar ute hos vår kund i södra Stockholm.  Om ..."
30464502,Barnvakt Nanny Vasastan 1-2 ggr/v,2007 Nannynu AB,sv,True,,,,,,"Om Nannynu! / About Nannynu! Vi är ett av Sveriges största, första och mest prisbelönta barnvaktsföretag och stolta över att ha bra villkor i linje med kollektivavtal för alla våra anställda barnvakter. Vi tror på att leverera barnvakter i världsklass och då vi är ett växande företag söker vi nu Dig..."
30464396,Kalkylator inom rivning och byggnation,Rekryteringsgruppen i Stockholm AB,sv,True,,,,,,"Är du driven, noggrann och vill jobba med kalkylering inom rivning och byggnation? Nu söker vi för kunds räkning en kalkylator till Arlandastad – en trygg arbetsgivare med lång erfarenhet inom håltagning, kolfiberstärkning, undertak, blästring och injektering. Välkommen med din ansökan! Kalkylator i..."
30464204,JO söker rättssakkunniga,Riksdagens Ombudsmän,sv,True,,,,,,JO söker rättssakkunniga JO söker två eller flera hovrätts- eller kammarrättsassessorer för tidsbegränsad anställning på sexårsförordnande. JO:s uppdrag är att granska att de som utövar offentlig verksamhet efterlever lagar och andra författningar. Tillsynen är särskilt inriktad på att kontrollera a...
30464187,Applikations-/Plattformsutvecklare (Intranät & Microsoft 365),Edge of Talent AB,sv,True,,,,,,"Vi söker nu två erfarna konsulter till ett långsiktigt uppdrag hos en större organisation inom samhällsviktig verksamhet. Uppdraget handlar om att säkerställa stabil drift, vidareutveckling och förbättring av en modern intranätsplattform som är affärskritisk för organisationen. Plattformen är basera..."
30464100,Bankrådgivare till vårt serviceteam på Valhallavägen,Länsförsäkringar Stockholm,sv,True,,,,,,"Är du en person som känner igen dig i begreppet ”Doer”, är serviceinriktad och förtroendegivande som även har du ett stort intresse för privatekonomi? Läs vidare för då kan detta vara jobbet för dig!  Vi söker nu dig som har erfarenhet inom service och drivs av att skapa goda kundupplevelser och vil..."
30464093,Data Scientist - Marketing,Toca Boca AB,en,False,,,,,,"Would you like to play a key role in shaping how millions of families discover and engage with Toca Boca’s games?  With over 60 million monthly active users, our Marketing Data Scientist will help us understand how players find our games, what keeps them coming back, and how our marketing efforts co..."
30464012,Market analysts and marketers,Swapp Agency AB,en,False,,,,,,"Develops, plans and coordinates advertising campaigns and marketing strategies. Collects, processes and analyses data about markets. Makes forecasts about future markets and trends and advises on sales strategies. Assesses the market for new goods and services. Identifies and develops market opportu..."
30463955,Barnvakt Nanny Vasastan 1-2 ggr/v Sommar 2026,2007 Nannynu AB,sv,True,,,,,,"Om Nannynu! / About Nannynu! Vi är ett av Sveriges största, första och mest prisbelönta barnvaktsföretag och stolta över att ha bra villkor i linje med kollektivavtal för alla våra anställda barnvakter. Vi tror på att leverera barnvakter i världsklass och då vi är ett växande företag söker vi nu Dig..."
30463822,SOS-sjuksköterska,SOS Alarm Sverige AB,sv,True,,,,,,"Vill du ha en utmaning där du får använda din breda kunskap och fingertoppskänsla samtidigt som du har möjlighet att bidra till utvecklingen av arbetet tillsammans med fantastiska kollegor? Är du en person som klarar press, både i stunden men också under längre perioder oavsett tidpunkt på dygnet? T..."
30463836,Butiksmedarbetare till Sabis Fältöversten - 10h/v,Sabis AB,sv,True,,,,,,"Vill du jobba i en av Sveriges i särklass snyggaste och mest inspirerande matbutik på Karlaplan?Sabis Fältöversten är prisbelönt och har vunnit priser så som: ”Årets Fiskavdelning” och ”Årets Matglädjebutik” flera gånger om. Vi arbetar med färskvaror av hög kvalitet, ostar och delikatesser, hängmöra..."
30463770,"Gruppchef till Ersta hemtjänst, Södermalm - Rosenlund",Ideella Fören Ersta Diakonisällskap Med Firmaers,sv,True,,,,,,"Om arbetsplatsen Ersta hemtjänst är en del av Ersta diakoni och bedriver stöd och omsorg i vardagen för att våra kunder ska kunna fortsätta att bo hemma, i det ingår även gemensamma aktiviteter. Vi finns i Stockholm, Gävle och Sundsvall. Vår hemtjänst vid Rosenlund på Södermalm är en liten och trygg..."
30463736,Training Manager till tekniskt komplexa projekt,Quattro Bemanning & Rekrytering AB,sv,True,,,,,,"Beskrivning Vår klient inom en tekniskt avancerad och internationell verksamhet söker en Training Manager till ett större leveransprojekt. Rollen är central i projektets genomförande och innebär ett helhetsansvar för utbildningsspåret gentemot kund. Du blir en viktig länk mellan kund, projektorganis..."
30463720,Vi söker en IT-tekniker med serverkompetens,Academic Work Sweden AB,sv,True,,,,,,Vill du bidra med teknisk kompetens och ett trevligt kundbemötande har vi en passande tjänst för dig! LTC Services söker nu en ny IT-tekniker som kommer arbeta kundnära i tekniska miljöer och hjälpa deras kunder att hitta smarta lösningar. Välkommen med din ansökan redan idag - vi tillämpar löpande ...
30463696,Vi söker en IT-tekniker med nätverkskompetens!,Academic Work Sweden AB,sv,True,,,,,,Vill du bidra med teknisk kompetens och ett trevligt kundbemötande har vi en passande tjänst för dig! LTC Services söker nu en ny IT-tekniker som kommer arbeta kundnära i tekniska miljöer och hjälpa deras kunder att hitta smarta lösningar. Välkommen med din ansökan redan idag - vi tillämpar löpande ...
30463688,Förändringsledare verksamhetsutveckling,A-Talent Tech Management Sweden AB,sv,True,,,,,,Vi söker nu en konsult åt vår kund inom en större organisation med omfattande och pågående förändringsinitiativ. Kundens etablerade verksamhetsutvecklingsfunktion får idag fler interna förfrågningar om stöd inom förändringsledning än vad som kan tillgodoses med befintliga resurser. Därför finns beho...
30463637,Timvikarierande stödassistent till Skarpnäcksgården F-huset,Nytida AB,sv,True,,,,,,Nu söker vi på Skarpnäcksgården F-huset flera timvikarierande stödassistenter (undersköterskor/socialpedagoger) för att fylla ut vår verksamhet. Inom Nytida är vi i ständig utveckling. Hos oss kan du växa som person samtidigt som du gör skillnad för andra. Vår kultur genomsyras av våra värderingar –...
30463578,Cx Engineer ,Jones Group Sweden AB,en,False,,,,,,"Company Description We are a leading engineering services company with a proven track record of high quality, customer focused project delivery for over 130 years. Our core divisions include Mechanical Engineering, Electrical Engineering, Sprinkler and Fire Protection. Some of the other services we ..."
30463568,Egenvårdsrådgivare,Apoteket AB,sv,True,,,,,,"Jobba för originalet. Välkommen till Apoteket, nummer ett sedan 1971. Med visioner för framtiden och kvalitet i varje detalj, skapar vi förutsättningar för ett liv i hälsa. Hos oss utvecklas du i en kultur där din röst alltid blir hörd. Och allt vi får över ger vi tillbaka till samhället. Det är så ..."
30389814,CX Lead ,Jones Group Sweden AB,en,False,,,,,,"Company Description We are a leading engineering services company with a proven track record of high quality, customer focused project delivery for over 130 years. Our core divisions include Mechanical Engineering, Electrical Engineering, Sprinkler and Fire Protection. Some of the other services we ..."
30463465,Farmaceut,Apoteket AB,sv,True,,,,,,"Jobba för originalet. Välkommen till Apoteket, nummer ett sedan 1971. Med visioner för framtiden och kvalitet i varje detalj, skapar vi förutsättningar för ett liv i hälsa. Hos oss utvecklas du i en kultur där din röst alltid blir hörd. Och allt vi får över ger vi tillbaka till samhället. Det är så ..."
30463462,Vill du arbeta brett som tandläkare? Välkommen till DTV Drottninggatan,Distriktstandvården Sverige AB,sv,True,,,,,,Vi söker en erfaren tandläkarkollega med bred kompetens. Du får gärna ha erfarenhet inom implantat kirurgi. Jag heter Lena Dahl och är klinikchef på den här kliniken och för vår klinik på Kungsgatan sedan några år tillbaka. Klinikerna samarbetar och har tillsammans 15 behandlingsrum där Drottninggat...
30463428,Undersköterska till rollen SOS-operatör (Stockholm Hösten 2026),SOS Alarm Sverige AB,sv,True,,,,,,"Vill du ha ett meningsfullt arbete där du kan göra skillnad i varje samtal? Som SOS-operatör hos SOS Alarm blir du en viktig länk i att hjälpa människor i akuta situationer. Om du trivs med ett tempofyllt arbete, kan hantera stress och har en stark känsla för struktur och ansvar, kan du vara den vi ..."
30463417,Training Manager med ansvar för krav och leverans - Stockholm,Sway Sourcing Sweden AB,sv,True,,,,,,Vill du arbeta i en central roll i komplexa leveransprojekt där utbildning är en avgörande framgångsfaktor? Nu söker vi en Training Manager för ett konsultuppdrag i en teknikintensiv och internationell miljö 🌍 Arbetsuppgifter  Ansvara för utbildningsdelen i leveransprojekt och säkerställa leverans e...
30463400,Electrical harness designer,Professional Galaxy AB,en,False,,,,,,"Professional Galaxy is an IT and technology consulting company that provides highly specialized expertise in IT, software development, SAP, purchasing, electronics and mechanical design. We collaborate with experienced senior experts and deliver strategic value-creating expertise to some of Sweden's..."
30463188,Testledare till Quest Consulting,Quest Consulting Sverige AB,sv,True,,,,,,"Uppdragsbeskrivning Ett större ärendehanteringssystem inom offentlig sektor är under ersättning av nyutvecklade systemlösningar. Systemet används för handläggning av ärenden, huvudsakligen inom det förvaltningsrättsliga området, med stort fokus på service till medborgare. I rollen som Testledare får..."
30463121,Sjuksköterska till Ofelia Vård,Ofelia Vård AB,sv,True,,,,,,"Ofelia Vård AB är tillsammans med Skandinavisk Hälsovård, Svensk Närsjukvård, Doc Care, HLR Landslaget och Linguacom, en del av Skandinavisk Hälsovård Group.    Ofelia Vård är ett auktoriserat bemanningsföretag med medlemskap i Kompetensföretagen. Med detta följer en garanti på att vi följer arbetsm..."
30463046,Multilingual Service Desk Analyst to CGI in the Philippines,MultiMind Bemanning AB,en,False,,,,,,"Are you ready to embark on an exciting journey and take your career to new heights? If so, we have an exciting opportunity waiting for you in the heart of Manila. Now you have the chance to become a part of our client CGI´s success story—where your ideas and actions make a difference. This is a recr..."
30463068,Marketing & Communications Opportunity Awaits!,MultiMind Bemanning AB,en,False,,,,,,Are you looking for a new job in the field of Marketing or Communication? We continuously have interesting new positions with our clients available for you who are looking for new challenges and want to send in a spontaneous application.  Please note that this is an expression of interest for any fu...
30463066,Work Within Economy,MultiMind Bemanning AB,en,False,,,,,,Are you looking for a new job in the field of economy? We continuously have interesting new positions with our clients available for you who are looking for new challenges and wants to send in a spontaneous application.  Please note that this is an expression of interest for any future projects that...
30463028,Accounts Receivable Specialist To Samsung!,MultiMind Bemanning AB,en,False,,,,,,We are currently looking for a Accounts Receivable Specialist to an exciting opportunity with our client Samsung! This is a consultancy opportunity starting ASAP – until further notice.  About The Company:   Help Us Create What Can´t Be Done  Everything we do at Samsung is driven by an unyielding pa...
30463024,Project Deployment Leader,MultiMind Bemanning AB,en,False,,,,,,"We are looking for a Project Deployment Leader to join our client´s Portfolio Management team to lead and manage multiple deployment projects supporting international expansion of brands and new product launches. This is a in a fast-paced, dynamic environment.  Key Responsibilities:   • Lead deploym..."
30463022,Marketing Support Assistant To Samsung!,MultiMind Bemanning AB,en,False,,,,,,We are currently looking for a Marketing Support Assistant to an exciting opportunity with our client Samsung! This is a consultancy opportunity starting ASAP – until further notice.  About The Company:  Help Us Create What Can´t Be Done  Everything we do at Samsung is driven by an unyielding passio...
30463035,Software Engineer (iOS),MultiMind Bemanning AB,en,False,,,,,,"Do you want to build high-quality iOS applications that support data-driven product development and experimentation? In this assignment, you will contribute to the Size & Fit initiative, developing internal tools that help teams analyze test variations, performance data, and feature rollouts.  This ..."
30463033,SAP Functional Specialist,MultiMind Bemanning AB,en,False,,,,,,"Do you want to take a lead role in delivering complex SAP Retail solutions in a fast-paced, enterprise-scale environment? In this assignment, you will drive requirements end-to-end and contribute across the full SAP project lifecycle — from analysis and design to deployment and support.  This is a f..."
30462987,Business Development Manager - Samsung Wallet,MultiMind Bemanning AB,en,False,,,,,,We are currently looking for a Business Development Manager to an exciting opportunity with our client Samsung! This is a consultancy opportunity starting ASAP – until further notice.  Join our team  Everything we do at Samsung is driven by an unyielding passion for excellence—and an unfaltering com...
30463014,Digital Consumer Journey Coordinator,MultiMind Bemanning AB,en,False,,,,,,We are currently looking for a Digital Consumer Journey Coordinator to an exciting opportunity with our client Samsung! This is a consultancy opportunity starting ASAP – until further notice.  Join our team  Everything we do at Samsung is driven by an unyielding passion for excellence—and an unfalte...
30463010,Business Analyst to global leading Med-Tech company,MultiMind Bemanning AB,en,False,,,,,,"We are seeking an experienced Business Analyst to join a globally leading med-Tech company. This is a full-time consulting assignment starting immediately, running until April, with the potential for extension.  About the Company Our client is a leading international organization operating in the he..."
30462948,Marketing & Events Specialist till Sefina pantbank!,Sefina Svensk Pantbelåning AB,en,False,,,,,,"We’re looking for a creative, hands-on marketer who loves bringing brands to life in physical environments and creating memorable customer experiences. As a Marketing & Events Specialist, you’ll play a key role in making our stores inviting, engaging, and locally relevant—turning visitors into loyal..."
30462946,Drifttekniker – inom TETRA till LFV,Poolia AB,sv,True,,,,,,"Vill du ha en viktig roll där du bidrar till att säkerställa stabil och tillförlitlig kommunikation i en samhällsviktig tjänst?  LFV söker nu flera serviceinriktade drifttekniker som vill arbeta med drift, underhåll och installation av TETRA-relaterad utrustning i en miljö där kvalitet och säkerhet ..."
30462938,Hotellvaktmästare(30%)- First Hotel Brommaplan,Nya Flyghotellet Brommaplan AB,sv,True,,,,,,"Om oss First Hotel Brommaplan, tidigare Flyghotellet, är ett trestjärnigt, privatägt hotell med 68 rum och ett perfekt läge bara 200 meter från Brommaplans tunnelbana. Vi är ett personligt hotell med nära gästkontakt och ett starkt fokus på kvalitet, service och utveckling. Sedan vi tog över verksam..."
30462803,Specialist till Rättsligt stöd inom Sjukförsäkringen i Stockholm,Försäkringskassan,sv,True,,,,,,"Varje år fattar Försäkringskassan 21 miljoner beslut som påverkar människors liv och hela samhället. Vi betalar ut cirka 260 miljarder kronor varje år. Det är allas skattepengar vi har hand om. Det är ett stort ansvar. Därför sätter vi oss in i varje ärende, följer lagar och regler, informerar och v..."
30462820,Software Engineer to our Checkout team,Resurs Bank AB,en,False,,,,,,"Ready to shape seamless financing experiences?  At Resurs, our Retail Finance Checkout team uses technology to solve real customer and merchant problems, making every step of the financing journey seamless, secure, and transparent. From checkout to credit authorization, we don’t just build tech for ..."
30462782,Verksamhetschef till Arbete och Entreprenörskap  Stockholm,STIFTELSEN FRYSHUSET,sv,True,,,,,,"Om Fryshuset Fryshuset gör det möjligt för unga att genom sina passioner förändra världen. Vi skapar gemenskaper där unga syns, hörs och räknas. På denna grund bedriver vi ett 60-tal verksamheter på flera orter runt om i Sverige – inom skola, ungdomskultur, föredöme & framtidstro samt arbete och ent..."
30462687,Marknads- och PR-ansvarig till Sven-Harrys Konstmuseum,Byggmästare Sven-Harrys Konst O Bostadsstift,sv,True,,,,,,"Vill du arbeta i skärningspunkten mellan konst, mode, design och kommunikation? Sven-Harrys Konstmuseum söker nu en driven Marknads- och PR-ansvarig som vill utveckla museets position som ett självklart destinationsmål i Stockholm. På Sven-Harrys Konstmuseum får du möjlighet att förena konst, mode o..."
30462769,Vi söker hjullastarförare på ÅVC - Älvsjö,Simplex Bemanning AB,sv,True,,,,,,"Nu söker vi hjullastarförare till en återvinningscentral i Älvsjö. Vi söker dig som både har erfarenhet sedan tidigare eller är i början av din karriär, är du noggrann, självständig och vill vara med och göra samhället bättre? Då har du hamnat rätt. Om jobbet: Du kommer att ansvara över återvinninge..."
30462524,Förändringsledare - Verksamhetsutveckling (Senior),Soros Consulting AB,sv,True,,,,,,Plats: Sundbyberg Omfattning: 100 % Distansarbete: Upp till 50 % enligt överenskommelse Uppdragsperiod: 12 mars 2026 – 11 mars 2027 Option: Möjlighet till förlängning (2 + 2 + 2 år) Säkerhet: Säkerhetsprövning och registerkontroll krävs   Vi söker nu en senior förändringsledare inom verksamhetsutvec...
30462478,Legitimerade sjuksköterskor - Sommar 2026,FolCon AB,sv,True,,,,,,"Legitimerade sjuksköterskor - Sommar 2026 Vill du styra över din sommar och din framtid? FolCon AB söker legitimerade sjuksköterskor för kommunala uppdrag sommaren 2026. Hos oss får du friheten att välja var och när du jobbar, samtidigt som du har en trygg partner vid din sida. Efter sommaren finns ..."
30462325,Personlig assistent sökes i Hammarby Sjöstad,Nordström Assistans AB,sv,True,,,,,,Nu söker vi på Nordström Assistans Dig som har hjärtat på rätt ställe och som vill tillgodose en människas liv med särskilda insatser.Om tjänstenVi söker nu en personlig assistent till en pigg kvinna på 74 år som är bosatt centralt i Hammarby Sjöstad. Tjänsten är en timanställning vid behov och ordi...
30462227,Projektchef / Byggherrekonsult – Industri & Logistik,Drees & Sommer Sverige AB,en,False,,,,,,"At Drees & Sommer, we combine deep technical expertise with a strong passion for complex industrial, logistics, and infrastructure projects. As an established partner in the Nordic market, we support our clients across the entire project lifecycle – from early strategic advisory and planning through..."
30462265,Digital ASIC Technical Project Manager,Axis Communications AB,en,False,,,,,,Join Axis: Shape the Future of Tech as an ASIC Project Manager!     Do you want to work with advanced ASIC development in the forefront of technology? Are you ready to join a team responsible for the very heart of the Axis products - the ARTPEC SoC chip - where your contribution really matters and w...
30462263,Distriktssköterska till Ofelia Vård,Ofelia Vård AB,sv,True,,,,,,"Ofelia Vård AB är tillsammans med Skandinavisk Hälsovård, Svensk Närsjukvård, Doc Care, HLR Landslaget och Linguacom, en del av Skandinavisk Hälsovård Group.    Ofelia Vård är ett auktoriserat bemanningsföretag med medlemskap i Kompetensföretagen. Med detta följer en garanti på att vi följer arbetsm..."
30462252,Psykiatrisjuksköterska till Ofelia Vård,Ofelia Vård AB,sv,True,,,,,,"Ofelia Vård AB är tillsammans med Skandinavisk Hälsovård, Svensk Närsjukvård, Doc Care, HLR Landslaget och Linguacom, en del av Skandinavisk Hälsovård Group.    Ofelia Vård är ett auktoriserat bemanningsföretag med medlemskap i Kompetensföretagen. Med detta följer en garanti på att vi följer arbetsm..."
30462230,Intern - Project Management - 502938,Alstom Transport AB,en,False,,,,,,"At Alstom, we understand transport networks and what moves people. From high-speed trains, metros, monorails, and trams, to turnkey systems, services, infrastructure, signalling and digital mobility, we offer our diverse customers the broadest portfolio in the industry. Every day, more than 80 000 c..."
30462185,Forskningsassistent,Stockholms Universitet,sv,True,,,,,,"Institutionen för data- och systemvetenskap.  Med över 200 anställda och 4 500 studenter är Institutionen för data- och systemvetenskap (DSV) en stark och dynamisk forsknings- och utbildningsmiljö. Ämnet data- och systemvetenskap rör sig mellan teknik, humaniora, samhällsvetenskap och beteende..."
30462025,Office manager till Stockholm city,Andara Group AB,sv,True,,,,,,Vill du arbeta som Office Manager mitt i Stockholm City? Nu söker vi dig som vill vara en nyckelperson på vår kund kontor kontor och säkerställa en effektiv och trivsam arbetsmiljö samtidigt som du tar ansvar för kundens ekonomiska rutiner.  Om rollen som Office Manager  Som Office Manager kommer du...
30461963,OSA-handläggare till Enheten för Arbetsmarknadsinsatser,Stockholms kommun,sv,True,,,,,,"Stockholm – vår huvudstad med miljoner drömmar, förväntningar och ambitioner. Vi jobbar för alla som lever här idag och i framtiden. Nu söker vi dig som vill tänka stort, nytt och annorlunda med oss – för stockholmarna.    Välkommen till oss  Vi söker dig som trivs med ett omväxlande arbete i en f..."
30461982,Lead Business Analyst / Product Specialist Cash Management,Jobbusters AB,en,False,,,,,,"Your New Role  We are now looking for a senior Lead Business Analyst / Product Specialist within Corporate Cash Management and payments. In this role, you will strengthen the Product Organisation by bridging business and product needs with development teams on an Epic portfolio level. You will work ..."
30461934,Servicetekniker till Cylinda - Stockholm Norr,Cylinda AB,sv,True,,,,,,Servicetekniker till Cylinda – med placering i Stockholm Norr Är du en tekniskt kunnig problemlösare som brinner för kundservice? Hos Cylinda får du chansen att arbeta med marknadsledande vitvaror och bli en nyckelspelare i vårt serviceteam. Vi söker nu en servicetekniker – med fokus på norra Stockh...
30461921,Erfareneht Chefsassistent till kommun | Stockholm,Manpower AB,sv,True,,,,,,Är du en erfaren chefsassistent med vana att arbeta nära högsta ledningen i en komplex organisation? Vi på Manpower söker nu en Erfaren Chefsassistent för ett spännande konsultuppdrag hos vår kund - en kommun i Stockholm. Uppdraget startar omgående och vi har kort om tid - skicka därför in din ansök...
30461859,Elektriker till centrala Stockholm,eLinked AB,sv,True,,,,,,"Elektriker till centrala Stockholm Arbetsgivare: eLinked AB Arbetsort: Stockholm Anställning: Tillsvidareanställning Omfattning: Heltid Tillträde: Enligt överenskommelse   Om tjänsten  Är du en erfaren elektriker som vill ha stabilitet, variation och möjlighet att fortsätta utvecklas i yrket?eLinked..."
30461773,Lönespecialist med erfarenhet av Byggnads kollektivavtal ,Vindex AB,sv,True,,,,,,Är du lönespecialist med särskild erfarenhet av lönesystemet HRM Software och Byggnads kollektivavtal? Då kan det vara dig vi letar efter! Vi på Vindex är just nu ute efter en Lönespecialist till vår kund. I rollen som Lönespecialist på det här bolaget arbetar du med hela lönehanteringen och ingår i...
30461742,Senior .NET-utvecklare till Quest Consulting,Quest Consulting Sverige AB,sv,True,,,,,,"Uppdragsbeskrivning Som Senior .NET-utvecklare kommer du att arbeta med en modern säkerhets- och integrationsplattform. Du kommer samarbeta nära utvecklingsteam, arkitekter och säkerhetsspecialister och bidrar både strategiskt och operativt till de viktigaste lösningarna, där du har en nyckelroll in..."
30461705,Software Engineer,Flower Infrastructure Technologies AB,en,False,,,,,,⚡️ What We DoFlower is Flexible Power. We are a next-gen energy company leveraging AI and machine learning to make renewable energy stable and always available – even when the sun isn’t shining and the wind isn’t blowing. Through smart optimization and trading of energy assets like wind and solar fa...
30461718,Senior Business Developer,Flower Infrastructure Technologies AB,en,False,,,,,,⚡️ What We DoFlower is Flexible Power. We are a next-gen energy company leveraging AI and machine learning to make renewable energy stable and always available – even when the sun isn’t shining and the wind isn’t blowing. Through smart optimization and trading of energy assets like wind and solar fa...
30461492,Senior Samordnande Projekteringsledare  Bygg & Installationer,Famma Konsultning AB,sv,True,,,,,,"Utbyggd tunnelbana (FUT), Region Stockholm 📍 Plats: Stockholm (Solnavägen 1E) – hybrid (distans + kontor)  🕒 Omfattning: Heltid, 40 h/vecka  📅 Start: 2 februari 2026  📅 Slut: 4 februari 2030 (med möjlighet till förlängning 1+1+1+1+1 år) 🏗️ Om uppdraget Region Stockholm genomför en av Europas största..."
30461436,Join Tassevärld as a Dog Walker,Tassevärld AB,en,False,,,,,,"Tassevärld is a well-established dog walking company, serving multiple locations throughout central Stockholm. We are currently seeking dedicated backup dog walkers to join our team, starting right away. The selection process will continue throughout January. Position Details: Part-Time Role: We off..."
30461431,Team Lead Hardware and Systems Engineer,Avaron AB,en,False,,,,,,"About the Company Avaron AB is a growing consultancy focused on technology, finance, and business support. We match your expertise with the market's most interesting assignments, offering a platform where your professional development is central. About the Assignment You will join an experienced tea..."
30461391,Senior CRO and Digital Optimization Analyst,Avaron AB,en,False,,,,,,"About the Company Avaron AB is a growing consultancy focused on technology, finance, and business support. We match your expertise with the market's most interesting assignments, offering a platform where your professional development is central. About the Assignment Following major transformation i..."
30461366,Senior Red Hat OpenShift Engineer,Avaron AB,en,False,,,,,,"About the Company Avaron AB is a growing consultancy focused on technology, finance, and business support. We match your expertise with the market's most interesting assignments, offering a platform where your professional development is central. About the Assignment We are looking for a Senior Engi..."
30461140,IT-säkerhetshandläggare,Avaron AB,sv,True,,,,,,"Om företaget Avaron AB är ett växande konsultbolag med fokus på teknik, finans och verksamhetsstöd. Vi matchar din spetskompetens med marknadens mest intressanta uppdrag och erbjuder en plattform där din utveckling står i centrum. Om uppdraget Vi söker en IT-säkerhetshandläggare som säkerställer att..."
30461126,Administratör till Carsmart i Sollentuna,Academic Work Sweden AB,sv,True,,,,,,"Vill du arbeta i ett växande bolag där du får ta stort eget ansvar, vara nära verksamheten och göra verklig skillnad för både kunder och kollegor? Carsmart söker nu en självgående och driven administrativ stjärna till deras Fleet Support-team!  OM TJÄNSTEN  Carsmart är ett SaaS-bolag och ett helägt ..."
30459054,Operativ IT-säkerhetsspecialist,"Totalförsvarets Forskningsinstitut, Foi",sv,True,,,,,,"Totalförsvarets forskningsinstitut (FOI) är en statlig myndighet som bedriver världsledande forskning inom försvar och säkerhet till stöd för Sveriges militära och civila försvar. Forskningen spänner över flera områden, som exempelvis undervatten, cyberförsvar, rymd, telekrig, sensorsystem, civilt f..."
30356899,Sommarjobb Kolloledare / Specialpedagog,Utepedagogik Sverige AB,sv,True,,,,,,Vill du bredda dina kunskaper som pedagog samtidigt som du också utvecklas på det personliga planet? Sök då sommarjobb som ledare på Djuprämmens kollogård i sommar! Arbetsuppgifter Din uppgift som kolloledare på Djuprämmens kollo är att ansvara för barn i åldrarna 13-16 år samt att planera och leda ...
30461077,Senior SAP Functional Specialist,Avaron AB,en,False,,,,,,"About the Company Avaron AB is a growing consultancy focused on technology, finance, and business support. We match your expertise with the market's most interesting assignments, offering a platform where your professional development is central. About the Assignment We are looking for a Senior SAP ..."
30461071,Senior SAP S/4HANA Conversion Expert,Avaron AB,en,False,,,,,,"About the Company Avaron AB is a growing consultancy focused on technology, finance, and business support. We match your expertise with the market's most interesting assignments, offering a platform where your professional development is central. About the Assignment We are looking for an experience..."
30461060,Senior SAP VIM Expert,Avaron AB,en,False,,,,,,"About the Company Avaron AB is a growing consultancy focused on technology, finance, and business support. We match your expertise with the market's most interesting assignments, offering a platform where your professional development is central. About the Assignment You will join a large organizati..."
30461056,Senior Agile Program Coach,Avaron AB,sv,True,,,,,,"Om företaget Avaron AB är ett växande konsultbolag med fokus på teknik, finans och verksamhetsstöd. Vi matchar din spetskompetens med marknadens mest intressanta uppdrag och erbjuder en plattform där din utveckling står i centrum. Om uppdraget Vi söker en Agile Program Coach / Delivery Coach med tek..."
30461037,Hårdvaruprojektledare,Avaron AB,sv,True,,,,,,"Om företaget Avaron AB är ett växande konsultbolag med fokus på teknik, finans och verksamhetsstöd. Vi matchar din spetskompetens med marknadens mest intressanta uppdrag och erbjuder en plattform där din utveckling står i centrum. Om uppdraget Vi söker en delprojektledare inom hårdvara med 3–7 års r..."
30461031,Senior Strategic Sourcing Consultant,Avaron AB,en,False,,,,,,"About the Company Avaron AB is a growing consultancy focused on technology, finance, and business support. We match your expertise with the market's most interesting assignments, offering a platform where your professional development is central. About the Assignment We are looking for an experience..."
30461020,Senior Data Engineer,Avaron AB,en,False,,,,,,"About the Company Avaron AB is a growing consultancy focused on technology, finance, and business support. We match your expertise with the market's most interesting assignments, offering a platform where your professional development is central. About the Assignment You will join a centralized safe..."
30460965,Senior ASIC Designer,Avaron AB,en,False,,,,,,"About the Company Avaron AB is a growing consultancy focused on technology, finance, and business support. We match your expertise with the market's most interesting assignments, offering a platform where your professional development is central. About the Assignment We are looking for a Senior ASIC..."
30460961,Systems Analyst,Avaron AB,en,False,,,,,,"About the Company Avaron AB is a growing consultancy focused on technology, finance, and business support. We match your expertise with the market's most interesting assignments, offering a platform where your professional development is central. About the Assignment You will support the concept dev..."
30460860,Landskapsarkitekt med lekbesiktningskompetens,Avaron AB,sv,True,,,,,,"Om företaget Avaron AB är ett växande konsultbolag med fokus på teknik, finans och verksamhetsstöd. Vi matchar din spetskompetens med marknadens mest intressanta uppdrag och erbjuder en plattform där din utveckling står i centrum. Om uppdraget Vi söker en landskapsarkitekt med lekbesiktningskompeten..."
30460822,Förändringsledare verksamhetsutveckling,Avaron AB,sv,True,,,,,,"Om företaget Avaron AB är ett växande konsultbolag med fokus på teknik, finans och verksamhetsstöd. Vi matchar din spetskompetens med marknadens mest intressanta uppdrag och erbjuder en plattform där din utveckling står i centrum. Om uppdraget Vi söker en erfaren förändringsledare till ett uppdrag i..."
30460758,PRISMA Security söker Ordningsvakter till Event & Evenemangsenheten,Prisma Security AB,sv,True,,,,,,"Om PRISMA Security PRISMA Security är ett av Polismyndigheten och Länsstyrelsen auktoriserat bevakningsföretag med säte i Stockholm. Vi har funnits sedan 2013 och har under åren sysslat med ordningshållning, bevakning och samordnande funktioner i såväl små som i stora sammanhang. Vi söker löpande ef..."
30460741,PRISMA Security söker PERSONSKYDDSVÄKTARE,Prisma Security AB,sv,True,,,,,,"Om PRISMA Security PRISMA Security är ett av Polismyndigheten och Länsstyrelsen auktoriserat bevakningsföretag med säte i Stockholm. Vi har funnits sedan 2013 och har under åren sysslat med ordningshållning, bevakning, skydd och samordnande funktioner i såväl små som i stora sammanhang. Vi söker löp..."
30460739,PRISMA Security söker Operativa Chefer för PERSONSKYDDSENHET,Prisma Security AB,sv,True,,,,,,"Om PRISMA Security PRISMA Security är ett av Polismyndigheten och Länsstyrelsen auktoriserat bevakningsföretag med säte i Stockholm. Vi har funnits sedan 2013 och har under åren sysslat med ordningshållning, bevakning, skydd och samordnande funktioner i såväl små som i stora sammanhang. Vi söker eft..."
30460749,PRISMA Security söker Skyddsvakter,Prisma Security AB,sv,True,,,,,,"Om PRISMA Security PRISMA Security är ett av Polismyndigheten och Länsstyrelsen auktoriserat bevakningsföretag med säte i Stockholm. Vi har funnits sedan 2013 och har under åren sysslat med ordningshållning, bevakning och samordnande funktioner i såväl små som i stora sammanhang. Vi söker löpande ef..."
30460654,Kommersiell uthyrare för konsultuppdrag,Fasticon Kompetens AB,sv,True,,,,,,Kommersiell uthyrare för konsultuppdrag  Ett uppdrag för dig som är trygg i kommersiell uthyrning och vill bidra med struktur samt utveckla processer.   Uppdragsbeskrivning  För kunds räkning söker vi en erfaren kommersiell uthyrare med administrativ profil. Uppdraget startar omkring februari och på...
30460552,Förarcoach till Länna,Bergkvarabuss AB,sv,True,,,,,,"Bergkvaras verksamhet kännetecknas av närhet, mänsklighet och handlingskraft. Det kollektiva resandet utvecklas snabbt med ett stort fokus på hållbarhet och teknisk utveckling. Vi är med och driver den utvecklingen.  Vi söker nu två förarcoacher till Länna ochaffärsområdet för skol- och beställnings..."
30460529,Gymansvarig till STC Hötorget,Svenska N'ergy AB,sv,True,,,,,,"STC är en av Sveriges största gymkedjor med över 250 gym och ett brett träningsutbud inom gym- och gruppträning. Vi erbjuder en modern träningsmiljö, utrustning från världsledande leverantörer och kunnig personal, allt för att skapa den ultimata mötesplatsen för alla människor i alla åldrar. Vi håll..."
30460390,Arbetsterapeut till vård- och omsorgsboende Stockholm,AB Vårdlänken Bemanning & Rekrytering,sv,True,,,,,,Vi söker  dig som är leg. arbetsterapeut med erfarenhet inom äldreomsorgen och som värdesätter ett arbetssätt där patienten sätts i fokus. Din kompetens och kreativitet ligger till grund för att varje individs behov tillgodoses med hänsyn till personens förutsättningar. I din yrkesroll är du självgå...
30460299,Serveringspersonal till American express lounge by Pontus Frithiof AB,Pontus Frithiof at the Airport AB,sv,True,,,,,,"Vill du ta hand om våra gäster i loungen innan de reser? Har du en passion för service och gillar snabbt tempo? American Express Lounge by Pontus Frithiof söker nu serveringspersonal  till Platinum. Hos oss arbetar vi efter våra värdeord kvalitet, generositet och en nypa flärd varje dag.  Våra loung..."
30460292,Driftchef inom lokalvård – Vill du vara med och driva service i världsklass,Lassila & Tikanoja FM AB,sv,True,,,,,,"Vill du vara med och driva service i världsklass och samtidigt bidra till en mer hållbar framtid? Luotea Service AB växer – och nu söker vi en driftchef inom lokalvård som vill vara med på resan!  På Luotea är lokalvård hjärtat i vår verksamhet. Vi skapar rena, välskötta och hållbara miljöer där män..."
30460273,BI / Analytics Engineer,Sambla Group AB,en,False,,,,,,"At Sambla Group, data is the engine that powers our decision-making, product innovation, and business strategy. We are strengthening our Data Platform team and are seeking a BI / Analytics Engineer who can design, architect, and maintain the analytical backbone that supports the entire organization...."
30460247,QA Lead,Aira Group AB,en,False,,,,,,"About the Role We are looking for a QA Lead who will take ownership of quality assurance across our innovative heat pump technology and its integration with mobile applications and connected devices (e.g., Thread, Bluetooth). This is a strategic and hands-on role where you will define, implement, an..."
30460094,Tech Lead IT-Security,ConsultingIT Stockholm AB,sv,True,,,,,,Vi söker nu en Tech Lead Security till en expanderande organisation i Stockholm. Du blir en central del av organisationens omfattande transformationsresa och får en nyckelroll i att säkerställa framtidssäkra säkerhetslösningar. Här är en unik möjlighet för dig som vill vara med från grunden och skap...
30460000,"PR- & Presschef, Securitas Sverige AB",Securitas Sverige AB,sv,True,,,,,,Företagsbeskrivning Vill du få möjlighet att stärka förtroendet för ett av Sveriges mest välkända varumärken – och bidra till hur trygghets- och säkerhetsfrågor förstås och diskuteras i samhället? Securitas Sverige söker nu en PR- & Presschef som vill ta ett tydligt helhetsansvar för bolagets PR- oc...
30460012,"Handläggare till enheten för cirkulär ekonomi, kemikalier och strålning",Regeringskansliet,sv,True,,,,,,"Enheten för cirkulär ekonomi, kemikalier och strålning, Klimat- och näringslivsdepartementet  Enheten för cirkulär ekonomi, kemikalier och strålning ansvarar för frågor inom cirkulär ekonomi, kemikalier och avfall, miljöforskning och strålsäkerhet. Det inkluderar arbete på nationell, EU- och interna..."
30459951,VKB: Erfaren customer retention agent,FB Supportteam AB,sv,True,,,,,,✨  Erfaren Retention Agent sökes till ledande säkerhetsvarumärken ✨ Vi söker dig som brinner för kundrelationer och vill arbeta med några av marknadens mest spännande varumärken inom säkerhet och trygghet – exempelvis Förebygg och Bevakia. Jobbet innebär att du tar emot inkommande samtal som  Retent...
30459949,Ansvarig för butikskoncept och kundupplevelse,Frälsningsarmén,sv,True,,,,,,"Myrorna söker en prestigelös retail-stjärna som vill utveckla kundupplevelsen i butik! Vi söker dig som vill skapa optimala kundmöten, drivs av försäljningsresultat och vill utveckla visuellt spännande butikskommunikation för ett 130 år gammalt varumärke.   Myrorna söker en specialist inom retail so..."
30459880,Min Doktor söker Sjuksköterska till Fältöversten/Stockholm,MD International AB (publ),sv,True,,,,,,Vi söker nu nästa medlem till vårt team.  Att arbeta som sjuksköterska hos oss Du är en legitimerad sjuksköterska som brinner för bra service och alltid gör det lilla extra för dina patienter. Du har förmågan till självständigt arbete och beslutsfattande utifrån din kompetens. Hos Min Doktor får du ...
30459655,Interims- och underkonsulter inom ekonomi till Stockholm,Andara Group AB,sv,True,,,,,,"Andara Group söker nu seniora ekonomer till olika interimuppdrag hos våra kunder i Stockholmsområdet. Våra uppdragsgivare har ett återkommande behov av kvalificerade konsulter inom ekonomi, med särskilt fokus på redovisning, bokslut, controlling och ekonomistyrning. Vi har flera uppdrag med start in..."
30459591,Sjuksköterska geriatrik Kungsholmen,Stiftelsen Stockholms Sjukhem,sv,True,,,,,,Vi som arbetar med geriatrisk vård älskar det vi gör! Det är ett utmanade och omväxlande arbete där du som sjuksköterska får med dig erfarenheter som utvecklar och berikar din kompetens. Om rollen som sjuksköterska Att arbeta som sjuksköterska kräver ett bra och nära samarbete med kollegor. Arbetet ...
30459596,Vi söker en Projektledare till Rörteknik i Farsta AB,Sparc Group AB (publ),sv,True,,,,,,Vill du vara med och leda spännande projekt inom rörteknik tillsammans med engagerade kollegor? Till vårt team i Högdalen söker vi nu en driven och strukturerad projektledare som vill bidra till hållbara och moderna installationer hos våra kunder. Om tjänsten I rollen som projektledare ansvarar du f...
30459518,ML Engineer,Studio 555 AB,en,False,,,,,,"Founded by design and gaming veterans, we’re a Nordic startup creating a new category where interior design meets games. We’re backed by some of the biggest names in the industry (from Supercell, King, and Small Giant), and we’ve put together an extraordinary team with deep roots in games, UX, and t..."
30459458,Lots till SIG-anhörigstöd,Stockholms kommun,sv,True,,,,,,"Stockholm – vår huvudstad med miljoner drömmar, förväntningar och ambitioner. Vi jobbar för alla som lever här idag och i framtiden. Nu söker vi dig som vill tänka stort, nytt och annorlunda med oss – för stockholmarna.  Hässelby-Vällingby stadsdelsförvaltning finns i västra Stockholm med närhet til..."
30459379,Förändringsledare verksamhetsutveckling,Future People AB,sv,True,,,,,,Vi på Future People söker en förändringsledare till myndighet inom elkraft i Sundbyberg. Som konsult hos oss får du möjlighet till ett spännande uppdrag samtidigt som du fortsätter att utvecklas inom ditt kompetensområde. Du blir anställt på Future People och jobbar ute på plats hos vår kund. Vi är ...
30459289,Projektledare kunskapsstöd,Mind (Fören Psykisk Hälsa),sv,True,,,,,,"Vill du bidra till att öka kunskap om psykisk hälsa, minska stigma och skapa hopp?  Mind söker en projektledare med fokus på innehållsproduktion till vårt team Kunskap och påverkan. Rollen är central i vårt arbete med att utveckla målgruppsanpassat material som stärker, bekräftar och ger stöd. Om Mi..."
30459258,Snickare Stockholm,Isaksson Byggbemanning AB,sv,True,,,,,,Isaksson Byggbemanning AB arbetar över hela Sverige med rekrytering och uthyrning av kompetent personal främst inom bygg- och fastighetsbranschen. Isaksson Byggbemanning är ett auktoriserat bemanningsbolag hos Kompetensföretagen-Svenskt Näringsliv-Almega. Vi är medlemmar i Byggföretagen.   Är du en ...
30459249,Betongarbetare Stockholm,Isaksson Byggbemanning AB,sv,True,,,,,,Isaksson Byggbemanning AB arbetar över hela Sverige med rekrytering och uthyrning av kompetent personal främst inom bygg - och fastighetsbranschen. Isaksson Byggbemanning är ett auktoriserat bemanningsbolag hos Kompetensföretagen-Svenskt Näringsliv-Almega. Vi är medlemmar i Byggföretagen.   Betongar...
30459014,Subsea Design Engineer - Wave Energy,Corpower Ocean AB,en,False,,,,,,"Working at CorPower Ocean you will be part of a world class team, determined to make big impact. We are on a mission to bring reliable and competitive wave energy to the world. We offer a high degree of autonomy and flexibility, combined with great personal responsibility. CorPower Ocean is a global..."
30458957,Powertrain Test Engineer  Wave Energy,Corpower Ocean AB,en,False,,,,,,"Working at CorPower Ocean you will be part of a world class team, determined to make big impact. We are on a mission to bring reliable and competitive wave energy to the world. We offer a high degree of autonomy, combined with great personal responsibility. CorPower Ocean is a global leader in wave ..."
30456083,Join the Leadership Team at Velora Health,Velora Health AB,en,False,,,,,,Join the Leadership Team at Velora Health Strategy & Execution Lead (Marketing / Medical Operations / Tech) Location: Stockholm (Hybrid/flexible) Level: Senior – reporting directly to CEO Start: As soon as possible About Velora Health Velora Health is a rapidly growing HealthTech startup on a missio...
30458951,Accounts Receivable Specialist to Samsung,Digitalenta AB,en,False,,,,,,"We are now helping Samsung Nordics to find a driven and positive Accounts Receivable Specialist to join the team in Stockholm (Kista).  If you enjoy working in a dynamic environment, be trusted with responsibility, where change and a constant driving forward is part of daily business – this role is ..."
30458876,Senior Composite Design Engineer,Corpower Ocean AB,en,False,,,,,,"Working at CorPower Ocean you will be part of a world class team, determined to make big impact. We are on a mission to Power the Planet with clean electricity from ocean waves. We offer autonomy and flexibility, combined with personal responsibility. CorPower Ocean is a global leader in wave energy..."
30458822,Kundmottagare,Jobway AB,sv,True,,,,,,"Är du driven, tävlingsinriktad och älskar kundkontakt? Vill du ha en central roll där du får ta ansvar, utvecklas och vara med och fylla verkstaden? Kihlströms Transport & Lastbilscenter söker nu en kundmottagare / servicerådgivare till vår anläggning i Segeltorp. Ansök redan idag! Kihlströms är ett..."
30458786,Subsea Cable Package Owner - Wave Energy,Corpower Ocean AB,en,False,,,,,,"Working at CorPower Ocean you will be part of a world class team, determined to make big impact. We are on a mission to Power the Planet with clean electricity from ocean waves. We offer autonomy and flexibility, combined with personal responsibility. CorPower Ocean is a global leader in wave energy..."
30458796,Senior Data Scientist,Vattenfall AB,sv,True,,,,,,Företagsbeskrivning Vattenfall Eldistribution AB är Vattenfalls elnätsverksamhet och ett av Sveriges största elnätsföretag. Vi ansvarar för en samhällsbärande infrastruktur som distribuerar el till mer än 900 000 företag och hushåll. Som medarbetare hos oss bidrar du varje dag till att samhället fun...
30458738,Astrakangatans LSS-bostad söker nya medarbetare!,Unika LSS Omsorg Sverige AB,sv,True,,,,,,Om Främja/Unika Vi erbjuder boenden och daglig verksamhet inom ramen för LSS. Vi är ett värderingsstyrt företag som drivs av vår vision och starka värdegrund att skapa en meningsfull tillvaro för våra huvudpersoner genom att lyfta och stärka varandra i en inkluderande gemenskap. Innanförskap är ett ...
30458694,Gruppledare till Södermalms dagliga verksamhet LSS,Stockholms kommun,sv,True,,,,,,"Stockholm – vår huvudstad med miljoner drömmar, förväntningar och ambitioner. Vi jobbar för alla som lever här idag och i framtiden. Nu söker vi dig som vill tänka stort, nytt och annorlunda med oss – för stockholmarna.    Stockholm – vår huvudstad med miljoner drömmar, förväntningar och ambitione..."
30458389,"Director of Customer Success, NA",Mavenoid AB,en,False,,,,,,"The role We’re looking for a Director of Customer Success to lead and scale our enterprise customer relationships. In this role, you’ll manage a small, high-impact team while personally overseeing a large book of business made up of enterprise customers. You’ll play a critical role in driving custom..."
30458325,Sjuksköterska,The Health Clinic Stockholm AB,sv,True,,,,,,"Vi söker nu en legitimerad sjuksköterska till en 50 % tjänst på plats, med arbetstid kl. 09:00–17:00. Du kommer att arbeta i en tempofylld och professionell miljö där hög kompetens, stresstålighet och självständighet är avgörande.   Vi letar efter dig som är en mycket skicklig och snabbtänkt sjukskö..."
30458364,IT-tekniker - för systemuppgradering Stockholm (6-8 veckor),Barona Professionals AB,sv,True,,,,,,"Vi söker en fälttekniker i södra Sverige för ett tidsbegränsat uppdrag under perioden vecka 7–20.    Plats: Stockholm + MälardalenPeriod: Vi har flera projektgrupper med starter under perioden 9 februari - 2 mars. Projektet håller sedan på i 6-8 veckor. 7–20 Arbetstid: Måndag–fredag, kl. 08:00–17:00..."
30458307,Aktivitetshandledare/timvikarie till daglig verksamhet,Nytida AB,sv,True,,,,,,Vill du jobba i direkt socialt arbete genom att stötta personer med funktionsvariationer till utveckling? Nu söker vi timvikarier till Hammarby daglig verksamhet. Vi erbjuder utbildning och förmåner.  Om Hammarby daglig verksamhetHammarby daglig verksamhet erbjuder meningsfulla arbetsuppgifter för p...
30458267,E-Commerce Executive,Swedish Match Sales Sweden AB,en,False,,,,,,Join us to deliver a smoke- free future as a E-commerce Executive!  We’ve chosen to do something incredible. We’re totally transforming our business and building our future on one clear purpose – to deliver a smoke-free future. Swedish Match is an affiliate of PMI and has been a leader in the indust...
30458263,HR-specialist till kund i Solna,Bemannia AB (Publ.),sv,True,,,,,,"Vill du vara ett professionellt stöd och arbeta operativt i förhållande till chefer inom HR-området inom rekrytering? Då har vi det perfekta uppdraget för dig, varmt välkommen med din ansökan. Om uppdraget Vår kund är en myndighet som arbetar mot diskrimingering och för allas lika rättigheter och mö..."
30458194,Åklagarrevisor,Åklagarmyndigheten,sv,True,,,,,,Vill du medverka till effektiv brottsbekämpning genom en expertroll på Åklagarmyndigheten? Vi söker nu en åklagarrevisor som ska bidra till Åklagarmyndighetens uppdrag att utreda och lagföra brott samt begränsa kriminellas brottsvinster.  Dina arbetsuppgifter Som åklagarrevisor vid Åklagarområde Sto...
30458121,Almia söker sjuksköterska till Stockholm,Almia AB,sv,True,,,,,,"Gör det som du älskar, som konsult! Kvalifikationer Vi söker dig med minst två års erfarenhet. Vi ser gärna att du som konsult har god samarbetsförmåga, är noggrann, och ansvarstagande. Arbetsuppgifter Sedvanliga arbetsuppgifter som Leg. Sjuksköterska med erfarenhet från vårdcentral. Finner du tjäns..."
30458116,Medicinskt ledningsansvarig audionom,Audika AB,sv,True,,,,,,Om oss Audika är en del av Demant och vi är Sveriges ledande privata aktör inom hörselvård med över 30 hörselkliniker i södra och mellersta Sverige och ca 200 medarbetare.​  Sedan 2016 har vi arbetat med att hjälpa människor nå sin fulla hörselpotential. Vi kombinerar den senaste tekniken med de frä...
30458060,Engineering Design Manager,Stegra AB,en,False,,,,,,"About us: Stegra is on a mission to disrupt the global steel industry by producing green steel, with the end goal of bringing down CO2 emissions to zero. By using green hydrogen and fossil-free electricity instead of coal, water and heat will be our primary emissions. By 2030, our ambition is to pro..."
30457983,FUNCTIONAL DEVELOPER WITHIN VEHICLE CONTROL SYSTEMS,Nexer Tech Talent AB,en,False,,,,,,"Working as Functional Developer  By working closely with your agile, cross-functional team, you will be involved throughout the entire software development cycle — from initial ideas and requirements to implementation, test automation, and functional vehicle tests. Your work will have a direct impac..."
30457882,Drifttekniker,Statens Fastighetsverk,sv,True,,,,,,"Det är på regeringens uppdrag som Statens fastighetsverk förvaltar vårt gemensamma natur- och kulturarv. Vi förvaltar en mångfald av statligt ägda fastigheter – däribland regeringsbyggnader, domstolar, slott och kungsgårdar, teatrar, museer, ambassader samt en sjundedel av landets yta bestående av s..."
30457749,Night Front Office Associate  - Sheraton Stockholm Hotel,Förvaltnings AB Tegelbacken,en,False,,,,,,"Step into a role that redefines excellence at the Sheraton Stockholm Hotel, a hallmark of hospitality since 1971 in the heart of Sweden's bustling capital. Aligned with our innovative owners Archer Hotel Management and Marriott International, we merge rich cultural history with modern luxury and a d..."
30457702,"Konsult/Interim: Säkerhetsansvarig, Stockholm",Tng Group AB,sv,True,,,,,,"Vi söker för kunds räkning en strategisk säkerhetsansvarig som leder och utvecklar ett komplett säkerhetsarbete i Stockholm! Vill du arbeta konsultativt med strategisk säkerhet i en komplex och samhällsviktig verksamhet? Vi söker dig som vill vara navet i ett långsiktigt, riskbaserat säkerhetsarbete..."
30457693,Avdelningschef till digitaliseringsavdelningen,Socialstyrelsen,sv,True,,,,,,Vill du leda och bygga upp en ny digitaliseringsavdelning i en samhällsviktig myndighet? Har du gedigen chefserfarenhet och förmåga att driva förändringsarbete i komplexa organisationer? Då kan detta vara ett uppdrag för dig.  Om tjänsten   Digitalisering är ett av Socialstyrelsens högst prioriterad...
30457652,Nätverkstekniker,Centio Consulting Group AB,sv,True,,,,,,Vi söker en Nätverkstekniker till en en myndighet inom elkraft. Detta är ett konsultuppdrag. Stationeringsort är Stockholm.  Tjänsten är på heltid. Uppdraget innebär ett nära samarbete med kunden vilket ställer stora krav på flexibilitet och samarbetsförmåga. Uppdraget Vikare för föräldraledig tekni...
30457609,Folierare,Connecting Stockholm AB,sv,True,,,,,,Connecting Stockholm  Ett lokalt bolag – med internationell kunskap och inspiration.  Connecting Stockholm har tilldelats uppdraget att driva Stockholms tunnelbana – en samhällsbärande funktion för vår huvudstad. Vi kombinerar nytänkande och erfarenhet för att fortsätta driva och vidareutveckla en t...
30457517,Köksbiträde Vinsta,Trofo Invest & Trading Company AB,sv,True,,,,,,"Dina arbetsuppgifter Som köksbiträde på Trofo Invest & Trading Company AB kommer du att arbeta med mathantering, distribution med bil, servering och städning. Tunga lyft kan förekomma. Arbetsplatsen ligger i Vinsta.   Arbetsuppgifter: ·      Mathantering ·      Uppvärmning av mat .      Distribution..."
30457370,Uthyrare för konsultuppdrag med möjlighet till anställning,Fasticon Kompetens AB,sv,True,,,,,,"Uthyrare för konsultuppdrag med möjlighet till anställning Uppdragsbeskrivning  För kunds räkning söker vi en uthyrare till ett konsultuppdrag med stor möjlighet till anställning. Uppdraget är på heltid med flexibel start inom de närmsta tre månaderna. Rollen är bred och varierande, där du ansvarar ..."
30457215,SailPoint Infrastructure Engineer at Swedbank – Identity Management,Swedbank AB,en,False,,,,,,"Do you have a passion for Identity and Access Management, and are you looking to work in a dynamic environment where Security is Everyone’s Business? As a SailPoint Engineer, you will design, implement, and maintain identity governance and administration (IGA) solutions using SailPoint. You will wor..."
30457192,"Redovisningsekonom till Aspia Interim Consulting, Stockholm",Aspia AB,sv,True,,,,,,Vill du arbeta som redovisningsekonom i en roll som erbjuder variation och utveckling? Söker du tryggheten i en fast anställning samtidigt som du får möjlighet att ta dig an spännande uppdrag hos olika kunder? Då kan Aspia Interim Consulting vara nästa steg för dig!  Som anställd interimskonsult hos...
30457175,Data Quality Management Specialist,H & M Hennes & Mauritz Gbc AB,en,False,,,,,,"Job Description WHAT YOU’LL DO  As a Data Specialist, you will play a key role in connecting two critical domains within H&M Group: Product Lifecycle Management (PLM) and Planning processes. Your mission is to ensure seamless data flows and improve data quality across these areas.  Map and document ..."
30457135,"Budbilsförare, extra",Logent Bemanning AB,sv,True,,,,,,Är du intresserad av en tjänst där service och lager samspelar? Nu söker vi dig som är intresserad av att arbeta extra som budbilsförare! Din huvudsakliga arbetsuppgift består av lasta och leverera varor till kunder.   Vad erbjuder vi?  Ett flexibelt arbete som du kan anpassa efter dina studier elle...
30457032,Application Expert - Supply Chain Integrations and Testing,H & M Hennes & Mauritz Gbc AB,en,False,,,,,,"Job Description We at H&M is looking for an Application Expert within our team External Sales Fulfilment Adapter. In this role, you will act as a critical link between business stakeholders and technical teams. You will work close to our product manager and talented fullstack developers to translate..."
30456994,Tech Consultant,Mpya Digital AB,en,False,,,,,,"Join Mpya Digital as a caring tech consultant! We are a software development consultancy that values continuous learning and sharing culture to help you grow in your profession. We consult some of the most cutting-edge technology companies in Stockholm, Malmö and Gothenburg in their development of n..."
30456977,Head of Tax & Customs to Envirotainer,360 Rekrytering & Interim AB,en,True,,,,,,Envirotainer transports life-saving pharmaceuticals around the world with innovative temperature-controlled solutions. We are looking for a Head of Tax & Customs to a new position driven by business growth and increased complexity. In this role you will lead a group of two people and have direct rep...
30456945,Barnvakt Nanny Östermalm1-2 ggr/v,2007 Nannynu AB,sv,True,,,,,,"Om Nannynu! / About Nannynu! Vi är ett av Sveriges största, första och mest prisbelönta barnvaktsföretag och stolta över att ha bra villkor i linje med kollektivavtal för alla våra anställda barnvakter. Vi tror på att leverera barnvakter i världsklass och då vi är ett växande företag söker vi nu Dig..."
30456926,Enhetschef för utställnings- och mediaproduktion,Statens Historiska Museer,sv,True,,,,,,Enhetschef för utställnings- och mediaproduktion på Statens historiska museer     Vill du bidra till att så många som möjligt får uppleva Sveriges kulturarv och historia? Då kan du vara vår nya kollega!  Statens historiska museer (SHM) söker en enhetschef för att driva och samordna arbetet med produ...
30456899,Skolsköterska till trevlig friskola f-6,Klara SkolPool AB,sv,True,,,,,,"Arbetsbeskrivning Om du vill arbeta på en liten personlig skola med Montessori pedagogik är det här skolan för dig. Uppdraget är på 20% med start till vårterminen 2026  Din bakgrund Du ska vara legitimerad sjuksköterska med vidareutbildning inom öppen hälso- och sjukvård, hälso- och sjukvård för bar..."
30456844,JENSEN grundskola Långholmen söker lärare i NO och teknik,Jensen Education AB,sv,True,,,,,,"JENSEN grundskola Långholmen är en liten och familjär skola belägen i centrala Stockholm på natursköna Långholmen. Vi erbjuder plats för elever i åk 6-9. Vi söker nu en lärare i NO, matematik och teknik som vill bli en del av vårt framgångsrika team.    JENSENs utbildningskoncept ""Träning för verkli..."
30456787,Industrialization Project Manager,WeQuel AB,en,False,,,,,,Drive Technical Innovation in the Automotive Industry We are looking for an experienced Industrialization Project Manager The Industrialization Project Manager Lead is responsible for leading and managing the industrialization of machines and production processes within automotive manufacturing envi...
30456675,Forskningsassistent i statsvetenskap med inriktning mot politik och genus,Stockholms Universitet,sv,True,,,,,,"Statsvetenskapliga institutionen är en dynamisk och stark utbildnings- och forskningsinstitution vid Samhällsvetenskapliga fakulteten vid Stockholms universitet.  Institutionen strävar efter att vara nationellt ledande och internationellt framstående inom forskning och utbildning. Statsvetenskapli..."
30456643,Kundtjänstmedarbetare till GodEl!  ,Recruitive AB,sv,True,,,,,,"Vi söker nu dig som vill bli en del av ett spännande elbolag, närmare bestämt GodEl!  Är du serviceinriktad, kommunikativ och trivs i en roll där du skapar trygghet för kunder genom att ge tydliga svar och snabb hjälp? Då kan du vara rätt person för oss.  Som kundtjänstmedarbetare kommer du vara för..."
30456655,IT-Områdesarkitekt,Centio Consulting Group AB,sv,True,,,,,,Vi söker en Områdesarkitekt till en statlig aktör med ansvar för hantering av betalningsflöden. Detta är ett konsultuppdrag. Stationeringsort är Stockholm. Tjänsten är på heltid. Uppdraget innebär ett nära samarbete med kunden vilket ställer stora krav på flexibilitet och samarbetsförmåga. Uppdraget...
30456649,Tysktalande rådgivare till bank  ,Recruitive AB,sv,True,,,,,,Dina arbetsuppgifter - Aktivt bearbeta nya och befintliga kunder på den tysktalande marknaden - Genomföra kundmöten och förhandlingar - Identifiera kundbehov och erbjuda skräddarsydda lösningar - Samarbeta med interna team för att säkerställa hög kundnöjdhet - Bidra till att utveckla försäljningsstr...
30456625,HRBP på deltid  ,Recruitive AB,sv,True,,,,,,"Vi söker dig som brinner för människor, relationer och att skapa trygghet för både chefer och medarbetare! Just nu letar vi efter en HRBP-konsult till ett längre uppdrag hos en av våra kunders organisationer. Här får du möjlighet att arbeta nära verksamheten och vara en viktig del i både det dagliga..."
30456527,Anestesisjuksköterka,Akademiskt Centrum Plastikkirurgi Sweden AB,sv,True,,,,,,"Vill du arbeta i en elegant och modern klinik där kvalitet, trygghet och personlig vård står i centrum, och där du faktiskt får tid för varje patient? Då kan detta vara din nästa drömarbetsplats. Akademiskt Centrum Plastikkirurgi söker nu en erfaren och engagerad anestesisjuksköterska med intresse f..."
30456538,Kammarrätten i Stockholm söker flera föredragande jurister,Sveriges Domstolar,sv,True,,,,,,"Kammarrätten i Stockholm är den största av Sveriges fyra kammarrätter och är också landets migrationsöverdomstol. Domstolen har ca 200 medarbetare varav ca 140 är jurister och därav ca 60 ordinarie domare.   Organisationen består av fyra dömande avdelningar, en måladministrativ avdelning och en admi..."
30456471,Undersköterska Extra jobb Bromma,Hemstyrkan i Stockholm AB,sv,True,,,,,,"Hemstyrkan är en av de första hemtjänsterna i Stockholm  Hemstyrkan bedriver idag hemtjänst i 10 av 11 stadsdelar i Stockholms Stad. Vi bedriver hemtjänst dygnet runt och har idag 4 verksamheter belägna i Råcksta(Bromma), Axelsberg(Hägersten), Hammarbyhöjden(Johanneshov) Östermalm(Hjorthagen). Vi ha..."
30456444,Nätverkstekniker,Future People AB,sv,True,,,,,,"Vi på Future People söker en nätverkstekniker till vår kund i Sundbyberg  Som konsult hos oss får du möjlighet att ta dig an ett spännande uppdrag hos en välkänd aktör, samtidigt som du fortsätter att utvecklas inom ditt kompetensområde. Vi är måna om att du ska trivas – både i din roll och i vårt t..."
30456395,Undersköterska för kvällstid i Västerort,Hemstyrkan i Stockholm AB,sv,True,,,,,,"Hemstyrkan är en av de första hemtjänsterna i Stockholm  Hemstyrkan bedriver idag hemtjänst i 10 av 11 stadsdelar i Stockholms Stad. Vi bedriver hemtjänst dygnet runt och har idag 4 verksamheter belägna i Råcksta(Bromma), Axelsberg(Hägersten), Hammarbyhöjden(Johanneshov) samt Hjorthagen(Östermalm). ..."
30456363,Arbetsinstruktör Lundaverkstaden,Stockholms kommun,sv,True,,,,,,"Stockholm – vår huvudstad med miljoner drömmar, förväntningar och ambitioner. Vi jobbar för alla som lever här idag och i framtiden. Nu söker vi dig som vill tänka stort, nytt och annorlunda med oss – för stockholmarna.  Stockholm blomstrar som landets främsta tillväxtregion. Vi arbetar för en arbet..."
30456252,Nätverks- och infrastrukturspecialist för längre vikariat,Quest Consulting Sverige AB,sv,True,,,,,,"Bakgrund & Uppdragsbeskrivning För vår kund söker vi nu en nätverkstekniker på ett vikariat då ordinarie anställd är föräldraledig. I rollen som nätverkstekniker/ infrastruktur specialist kommer du arbeta med att utveckla nya funktioner, säkerställa den operativa driften av kundens datakommunikation..."
30456190,Internship Technology,Vend Marketplaces AB,en,False,,,,,,"Internship: We’re open to both internships connected to your university project or a part-time internship (approximately 10-12 weeks).Company: Vend, home of FINN, Blocket, Tori, Oikotie, DBA & Bilbasen, where millions of people across the Nordics connect to find what they need, whether it’s a job, a..."
30456102,Senior Fullstackutvecklare till Synsam Lifestyle,Synsam Group Sweden AB,sv,True,,,,,,"Nu söker vi på Synsam en Senior Fullstackutvecklare som vill vara med och förvalta samt vidareutveckla vår digitala plattform. Hos oss får du arbeta med hela kedjan och skapa skalbara lösningar som både affär och användare drar nytta av, samtidigt som du bidrar till att plattformen utvecklas på ett ..."
30456089,Product Lead Consumer Direct Interaction,AB Electrolux,en,False,,,,,,"At the Electrolux Group, a leading global appliance company, we strive every day to shape living for the better for our consumers, our people, and our planet. We share ideas and collaborate so that together, we can develop solutions that deliver enjoyable and sustainable living for everyone.  Come j..."
30456026,Forskare i militärhistoria,Försvarshögskolan,sv,True,,,,,,"Försvarshögskolan är ett internationellt framstående lärosäte inom försvar, krishantering och säkerhet. Vi erbjuder en unik akademisk miljö där civilt möter militärt. Vi utbildar civila och militära chefer, experter och forskare som ska analysera och hantera dagens och framtida krissituationer och s..."
30455809,Socialsekreterare till Ekonomiskt bistånd och arbete,Stockholms kommun,sv,True,,,,,,"Stockholm – vår huvudstad med miljoner drömmar, förväntningar och ambitioner. Vi jobbar för alla som lever här idag och i framtiden. Nu söker vi dig som vill tänka stort, nytt och annorlunda med oss – för stockholmarna.  Norra innerstadens stadsdelsområde består av de centrala delarna av Stockholm, ..."
30455779,"Personlig assistent Vikarie vid behov Hägersten, Assistans Kompetens",Assistans Kompetens i Sverige AB,sv,True,,,,,,Assistans Kompetens är verksamma i hela Sverige. Vi ger god personalvård samt gedigen kompetensutveckling för att våra medarbetare ska lyckas i sitt arbete. Vi har kollektivavtal och dygnet runt jour. Alla våra chefer har själva arbetat som personliga assistenter. Gå gärna in på www.assistanskompete...
30455745,Erfarna säkerhetsskyddskoordinatorer för ett starkare försvar,Försvarets Materielverk,sv,True,,,,,,Har du flerårig erfarenhet av säkerhetsskyddsfrågor och vill använda din kompetens där den verkligen gör skillnad? På FMV söker vi nu erfarna säkerhetsskyddskoordinatorer till olika delar av vår verksamhet – i ett förändrat säkerhetspolitiskt läge är ditt arbete avgörande för ett effektivt och samma...
30455666,B2B Underwriting Specialist,Northmill Bank AB,sv,True,,,,,,"Northmill Bank är en svensk utmanarbank som är dedikerad till att revolutionera sättet vi hanterar och skyddar vår ekonomi. Vi skapar en annorlunda bankupplevelse, digital yet personal. Northmill Bank grundades år 2006 och har vuxit till över 200 anställda i 3 länder, 3 500 handlare och 600 000 anvä..."
30455674,Data Scientist,Northmill Bank AB,en,False,,,,,,"Northmill Bank is a challenger bank at the intersection of technology and finance, committed to revolutionizing the way people manage and protect their financial well-being. We are creating a different kind of banking experience, digital yet personal. Northmill Bank was founded in 2006 and have grow..."
30455591,Barnsekreterare till familjevården,Stockholms kommun,sv,True,,,,,,"Stockholm – vår huvudstad med miljoner drömmar, förväntningar och ambitioner. Vi jobbar för alla som lever här idag och i framtiden. Nu söker vi dig som vill tänka stort, nytt och annorlunda med oss – för stockholmarna.  Skärholmens stadsdelsförvaltning är en av Stockholms stads 11 stadsdelsförvaltn..."
30455585,Kundmottagare sökes i Älvsjö,Aura Personal AB,sv,True,,,,,,"Vi söker kundmottagare till vår kund i Älvsjö! Om Tjänsten:Som kundmottagare får du möjligheten att arbeta på ett väletablerat företag som erbjuder goda utvecklingsmöjligheter inom kundbemötande och kan kickstarta din karriär inom fordonsbranschen. Vi söker dig som är pålitlig, positiv och har en st..."
30455579,Kundmottagare sökes i Kista,Aura Personal AB,sv,True,,,,,,"Vi söker kundmottagare till vår kund i Kista! Om Tjänsten:Som kundmottagare får du möjligheten att arbeta på ett väletablerat företag som erbjuder goda utvecklingsmöjligheter inom kundbemötande och kan kickstarta din karriär inom fordonsbranschen. Vi söker dig som är pålitlig, positiv och har en sta..."
30455545,Resande murare till ett jätteprojekt för internationell kund i Boden,Adecco Sweden AB,sv,True,,,,,,"Om tjänsten Som murare för ett ledande internationellt byggföretag söker vi nu dig med tidigare erfarenhet inom området och som finns tillgänglig omgående. Rollen innebär att konstruera väggar, fasader och skiljeväggar genom murverk av bärande element enligt säkerhetsföreskrifter. Du kommer arbeta u..."
30455522,Kundmottagare sökes i Stockholm,Aura Personal AB,sv,True,,,,,,"Vi söker kundmottagare till vår kund i Stockholm! Om Tjänsten:Som kundmottagare får du möjligheten att arbeta på ett väletablerat företag som erbjuder goda utvecklingsmöjligheter inom kundbemötande och kan kickstarta din karriär inom fordonsbranschen. Vi söker dig som är pålitlig, positiv och har en..."
30455513,Produktionsstatistiker/Utredare till Brå,Brottsförebyggande Rådet,sv,True,,,,,,"Brå verkar för att brottsligheten ska minska och tryggheten ska öka i samhället. Vill du vara en del i detta arbete?   Brås uppgift är att främja brottsförebyggande arbete genom utveckling, forskning och kunskapsspridning, till i första hand regeringen och myndigheter inom rättsväsendet. Hos oss får..."
30455459,Team Lead Customer Support to Abion,Needo Recruitment West AB,en,False,,,,,,"Are you a service-minded problem solver who enjoys structure, collaboration and supporting others? Do you thrive in a fast-paced environment where you balance hands-on client support with being a daily point of coordination for the team? Then the role as Team Lead, Client Support at Abion might be t..."
30455412,Vikarierande biståndshandläggare till funktionsnedsättning vuxna,Stockholms kommun,sv,True,,,,,,"Stockholm – vår huvudstad med miljoner drömmar, förväntningar och ambitioner. Vi jobbar för alla som lever här idag och i framtiden. Nu söker vi dig som vill tänka stort, nytt och annorlunda med oss – för stockholmarna.  Norra innerstadens stadsdelsområde består av de centrala delarna av Stockholm, ..."
30455372,IT-Supporttekniker,ConsultingIT Stockholm AB,sv,True,,,,,,Är du redo att ta nästa steg i din karriär inom IT-Support? Tillsammans med vår kund söker vi nu engagerade och teknisk kunnig problemlösare med ett stort servicemind.Som en del i vår kunds Service Desk-team kommer du hantera ärenden med ansvar för både klienthantering och teknisk support. Du får mö...
30455306,Ärendehandläggare/Planhandläggare till Quest Consulting,Quest Consulting Sverige AB,sv,True,,,,,,Uppdragsbeskrivning Årligen inkommer cirka 1000 ärenden som hanteras och bereds på enhet Samhällsplanering. Ärendehandläggares övergripande uppdrag handlar om att bevaka verksamhetens intressen och verka för att i remissvar tydligt ange anspråk för såväl befintliga som nya planerade anläggningar. Dä...
30455299,"Restaurangchef, Stockholm",Holy Greens AB,sv,True,,,,,,"Är du en ledare som brinner för teamwork, drift och hälsosam mat? Då kanske du är vår vikarierande stjärna som Restaurangchef till enheten på Regeringsgatan. Holy Greens handlar om att må bra. Vi vill göra det enkelt för människor att äta hållbart och hälsosamt utan att kompromissa på smakupplevelse..."
30455252,Fritidssamordnare 75%,Stift Årsta Gård,sv,True,,,,,,Fritidssamordnare till anpassad grund- och gymnasieskola  Om oss  Årsta gårds anpassade grundskola och anpassade gymnasium har waldorfpedagogisk inriktning och ligger i södra Stockholm. I skolan (sammantaget anpassad grundskola och anpassat gymnasium) arbetar 17 lärare och ca 40 assistenter tillsamm...
30455218,Senior Physical Design Engineer,Nordic Semiconductor Sweden AB,en,False,,,,,,"About the job Join our team as a Senior Physical Design Engineer and take ownership of shaping next-generation low-power Wi-Fi SoCs that power tomorrow’s connected devices. In this role, you’ll work on cutting-edge backend design flows, driving RTL-to-GDSII implementation and applying advanced low-p..."
30455192,Product Owner for B2B Video Platform,Comstream AB,en,False,,,,,,Video is a great way to attract interest and to communicate with your market. But traditionally it's been very complicated for companies to create and distribute their own video content. Our customer is disrupting the market for B2B video communication. By building out-of-the-box tools for video cre...
30455077,Administrativ assistent till Stockholm,Kosovos Ambassad,en,True,,,,,,"Kosovos ambassad i Stockholm söker en administrativ assistent.  Duties and Responsibilities: Under the supervision and responsibility of the Head of Mission, undertakes the below duties and responsibilities: -	Preparation of reports and simple correspondence; invoice processing; payments for equipme..."
30454943,Elev Assistant/ Fritids - The Tanto International School & Fritids ,The Tanto School AB,en,False,,,,,,"Tanto International School is seeking highly motivated and qualified individuals to join our team as substitute staff. We are particularly interested in candidates who demonstrate flexibility, a positive attitude, and a caring approach. Successful candidates will be available to commence work from F..."
30454939,Cover Staff Substitute - The English Nursery ,The Tanto School AB,en,False,,,,,,"We are looking to work with someone who is flexible, positive and caring to work with us in a cover staff / substitute capacity. This person should love working with young children and helping the develop and enjoy their day. We would like to be able to contact the substitute staff in the morning or..."
30393378,Analytiker med teknisk inriktning,Försvarets Radioanstalt,sv,True,,,,,,"På FRA arbetar vi med något som ingen annan gör i Sverige, och det kan du bli en del av. Oavsett yrkesroll är vi med och gör samhällsnytta genom att bidra till ett meningsfullt syfte — tillsammans arbetar vi med unika uppgifter för Sveriges säkerhet och integritet.  Vi erbjuder intressanta arbetsupp..."
30453427,Handläggare till Generaldirektörens stab,Försvarets Radioanstalt,sv,True,,,,,,"På FRA arbetar vi med något som ingen annan gör i Sverige, och det kan du bli en del av. Oavsett yrkesroll är vi med och gör samhällsnytta genom att bidra till ett meningsfullt syfte — tillsammans arbetar vi med unika uppgifter för Sveriges säkerhet och integritet.  Vi erbjuder intressanta arbetsupp..."
30454721,Junior AI Business Develope,Soros Consulting AB,en,False,,,,,,"We are looking for a Junior AI Business Developer who will be employed by us and assigned to a client.    The role is based at the Stockholm/Solna office, with a hybrid setup of three days onsite and two days remote per week. You will support team delivery within monthly sprints by performing tasks ..."
30454825,Nattreceptionist,Noctem Rex Redovisning Administration och Consul,sv,True,,,,,,"NoctemRex söker just nu 2 nya kollegor till vårt härliga team då vi expanderar. Tjänsten innebär att du jobbar ensam, nattetid ENDAST utan möjlighet till dag/kvällsjobb. Arbetstiderna är ca 22-07 alla dagar. Du jobbar Måndag-Söndag varannan vecka med möjlighet till mer. Du har support under hela arb..."
30454788,Cleaner ,PBS Group AB,en,False,,,,,,"Looking for an employee whose main task is to clean private homes and some offices. Normal Cleaning, Big cleaning, doing moving out cleaning and also doing cleaning for viewing. It will be around Stockholm Metropolitan Area...."
30454803,Arbetsterapeut 40% till norra Stockholm,Attendo Sverige AB,sv,True,,,,,,"Om Nära Vård - mobila rehabteamet  Vi bedriver framgångsrik rehab på särskilda boenden runt om i Stockholm. Vi är ett engagerat och kompetent rehabteam på totalt 40 personer.  Vi söker en legitimerad arbetsterapeut på 40% för en visstidsanställning, med start i mars (v. 10) eller enligt ök. Du jobba..."
30454789,"Arbetsterapeut 100%, 1,5 år till Norra Sthlm",Attendo Sverige AB,sv,True,,,,,,"Om Nära Vård - mobila rehabteamet  Vi bedriver framgångsrik rehab på särskilda boenden runt om i Stockholm. Vi är ett engagerat och kompetent rehabteam på totalt 40 personer.  Vi söker en legitimerad arbetsterapeut på 100% för en visstidsanställning, med start v.9 (23 februari 2026) för en tjänst i ..."
30454703,Arbetsledare  Farsta,Keemchi AB,en,False,,,,,,"Keemchi was started in 2017 with the goal of bringing Korean food culture to Sweden. We value high quality and are constantly working to develop our flavors and dishes. We value innovation in cooking, restaurant design and functionality and everyone works together to develop these points to create a..."
30454664,Tak och tätskikts arbetare,Bemanning Sverige Byrå AB,sv,True,,,,,,"Tätskiktsmontör till LEKAB – Vill du vara en del av vår framgång? Är du redo för nya utmaningar inom tätskiktsarbete? Vi söker flera tätskiktsmontörer som vill rekryteras till LEKAB och vara med och arbeta med varierande arbetsuppgifter som att bränna ytor, montera taksäkerhet, isolera och arbeta me..."
30454645,Kock till vårat Centralkök Hötorget,Keemchi AB,en,False,,,,,,"Om jobbet Keemchi was started in 2017 with the goal of bringing Korean food culture to Sweden. We value high quality and are constantly working to develop our flavors and dishes. We value innovation in cooking, restaurant design and functionality and everyone works together to develop these points t..."
30454615,Jobs at Lavishlook Beauty Salon Odenplan Stockholm ,Harmoni Lounge AB,en,False,,,,,,"We are seeking a hairdresser for male haircut services. The candidate should be able to speak and understand English, Swedish, Hindi, or Urdu. Knowledge of all these languages will be considered an additional benefit...."
30454563,Childcare job in Rådmansgatan,Stockholm's International Nanny Agency HB,en,False,,,,,,"Join Our Team as a Nanny at Stockholm's International Nanny Agency!  We are looking for experienced and dedicated nannies experienced with group ages from 0-1 year old and young children, and available to work around Stockholm from as soon as possible. Are you the perfect fit? Position details: Loca..."
30301207,"Curry & Tandoori Chef  Indian Fusion Cuisine (Beyond Smak, Stockholm)",Beyond Smak AB,en,True,,,,,,"Beyond Smak is a modern Indian–Scandinavian fusion restaurant located in the heart of Södermalm, Stockholm.  We are passionate about flavors, quality, and creating memorable experiences for our guests. We are now looking for a skilled, creative, and motivated Curry & Tandoori Chef to join our growin..."
30454267,Circle K Bromma Alvik söker Assistant Store Manager,Circle K Sverige AB,sv,True,,,,,,"Vart är du på väg?  Nu söker vi assisterande butikschefer, som lyfter sina kollegor till en högre nivå!  Vi vill bli världsbäst på service. Och därför söker vi ledare som förstår vad det innebär. Vi är en butikskedja som erbjuder allt från god mat och bakverk, till bra drivmedel och fräscha toalette..."
30454263,Circle K Kista Akalla söker Assistant Store Manager,Circle K Sverige AB,sv,True,,,,,,"Vart är du på väg?  Nu söker vi assisterande butikschefer, som lyfter sina kollegor till en högre nivå!  Vi vill bli världsbäst på service. Och därför söker vi ledare som förstår vad det innebär. Vi är en butikskedja som erbjuder allt från god mat och bakverk, till bra drivmedel och fräscha toalette..."
30444552,"Turistvärdar, Stadshuset, sommaren 2026",Stockholms kommun,sv,True,,,,,,"Stockholm – vår huvudstad med miljoner drömmar, förväntningar och ambitioner. Vi jobbar för alla som lever här idag och i framtiden. Nu söker vi dig som vill tänka stort, nytt och annorlunda med oss – för stockholmarna.  Stadsledningskontoret är kommunstyrelsens förvaltning. Vi ansvarar för styrning..."
30454090,PERSONLIG TRÄNARE & BITRÄDANDE PLATSCHEF,Bionic Sweden AB,sv,True,,,,,,"Vi på Bionic söker nya medarbetare för att förstärka vårt team på Regeringsgatan i Stockholm. Vi söker dig som kan axla rollen som Biträdande Platchef. Rollen ställer krav på dig som tränare, din förmåga att strukturera arbetet i studion samt nå uppsatta mål. Som ledare har du ett operativt fokus me..."
30454025,Bagare till Mathias Dahlgrens Bageri Green Rabbit i Stockholm,Cheffle AB,sv,True,,,,,,"På Mathias Dahlgrens bageri Rågbrödsbageri Green Rabbit kryddas klassiskt hantverk med nya idéer och lekfullhet. Här bakar vi vårt dagliga bröd. I vårt bageri på Tegnérgatan finner du förutom olika sorters bröd och bakverk även frukost, sallad & sopplunch. För oss är hantverket och valet av råvara h..."
30454021,Digital kommunikatör/redaktör till kund i Stockholm,Bemannia AB (Publ.),sv,True,,,,,,Har du en utbildning inom kommunikation och erfarenhet att arbeta som webbredaktör? Då kan detta vara tjänsten för dig! Varmt välkommen med din ansökan! Om uppdragetVi söker en digital kommunikatör/redaktör för konsultuppdrag på heltid via oss på Bemannia till vår kund i Sundbyberg. Uppdraget beräkn...
30454064,Senior ekonomiassistent till Verdis huvudkontor,VERDIS AB,sv,True,,,,,,"Lockas du av en bred och utvecklande ekonomiroll med stort eget ansvar och möjlighet att påverka processer och arbetssätt? Vill du bli en del av ett engagerat team där struktur, kvalitet och samarbete står i fokus? Då kan rollen som senior ekonomiassistent på Verdis vara nästa steg för dig.  Om före..."
30453934,Business Analyst / Functional Test Analyst to large Nordic bank,Academic Work Sweden AB,en,True,,,,,,"We are now looking for two analytical and business-oriented Business Analysts / Functional Test Analysts to join a large regulatory initiative impacting Group Finance at one of the major Nordic banks. The role focuses on regulatory reporting, harmonisation of data definitions, and business validatio..."
30453951,Massage Therapist (Part-time),N.A.P. AB,en,False,,,,,,"Are you someone who genuinely loves taking care of others? Do you believe massage is more than just a technique — that it’s about presence, touch, and helping people reconnect with their bodies and breathe a little deeper? Then you might be the person we’re looking for. NAP is a growing skincare and..."
30453953,Skin Therapist (Part-time),N.A.P. AB,en,False,,,,,,"Are you someone who genuinely loves taking care of others? Do you believe skincare is more than just treatments, that it is about presence, touch, and helping people feel confident, calm, and reconnected with themselves? Then you might be the person we are looking for. NAP is a growing skincare and ..."
30356842,Sommarjobb Lärarstudent / Kolloledare,Utepedagogik Sverige AB,sv,True,,,,,,Vill du bredda dina kunskaper som pedagog samtidigt som du också utvecklas på det personliga planet? Sök då sommarjobb som kolloledare på vår kollogård Udden i sommar. Arbetsuppgifter Din uppgift som kolloledare på Uddens kollogård är att ansvara för barn i åldrarna 9-13 år samt att planera och leda...
30453882,Field Operative Uppsala,Ismg (International Sales And Marketing Group) A,en,False,,,,,,Sv: Nu söker vi nya medarbetare till vår verksamhet i Uppsala. Tjänsten innebär att du byter batterier på elskotrar runt om i Uppsala samt utför snabba kvalitetskontroller och ibland omplacering av elskotrarna. Du utgår från vårt lager på Verkstadsgatan. Tjänsten är en behovsanställning med timlön. ...
30453824,Finance Analytics & BI Lead,Easypark AB,en,False,,,,,,"We’ve signed up to an ambitious journey. Join us! As Arrive, we guide customers and communities towards brighter futures and more livable cities, it isn’t a challenge just anyone could take on. Luckily, we have something to help us make it happen. Our people and our values. We Arrive Curious, Focuse..."
30453741,Utredare  inom tillgänglighetsfrågor i Hälso- och Sjukvården,Socialstyrelsen,sv,True,,,,,,Vill du vara en del av Socialstyrelsens arbete med att utveckla tillgängligheten och kapaciteten i hälso- och sjukvården? Då är det dig vi letar efter. Hos oss får du ett omväxlande arbete där fokus är frågor som befinner sig mitt i samhällsdebatten. Målet är att patienter ska kunna erbjudas rätt vå...
30453632,Koordinator,OnePartnerGroup Stockholm AB,sv,True,,,,,,"Nu söker vår kund en ansvarstagande, driven och självgående koordinator till sin verksamhet. Är du en framåtlutad teamplayer som trivs i en internationell miljö där du får koordinera i kunduppdrag? Nu har du chansen att söka en administrativ roll på en av Sveriges bästa arbetsplatser. Rollen som koo..."
30453537,HRBP,Randstad AB,sv,True,,,,,,"Arbetsbeskrivning Vi söker just nu en senior HRBP/HR-Manager till vår kund i Solna. Som erfaren HR-konsult erbjuds du här ett spännande interimsuppdrag hos en av världens mest välkända aktörer inom premiumsegmentet för hushållsmaskiner. Denna roll är för dig som drivs av att skapa ordning, hantera p..."
30453528,Kundservicemedarbetare till SEB Kort!,Workz Sweden AB,sv,True,,,,,,"SEB Kort söker nu en ny kollega till deras norska kundserviceteam. Här får du hjälpa SEB:s kunder och utvecklas i en trygg och inspirerande arbetsmiljö på huvudkontoret i Arenastaden, Solna.Om tjänstenSEB Kort är verksamt i hela Norden och samarbetar med varumärken som SEB, AirPlus, Strawberry och e..."
30453545,Verksamhetsstrateg till fastighets- och serviceavdelningen,Riksdagsförvaltningen,sv,True,,,,,,Riksdagsförvaltningen är en myndighet som har till uppgift att stödja riksdagens arbete. Cirka 700 partipolitiskt neutrala medarbetare arbetar vid Riksdagsförvaltningen med många olika typer av arbetsuppgifter.  Vill du arbeta i hjärtat av den svenska demokratin och bidra till att utveckla verksamhe...
30453440,Service Owner – Digital Commerce & Google Applications 🚀,Sway Sourcing Sweden AB,sv,True,,,,,,Om uppdraget 🎯 Vi söker en Service Owner inom Digital Commerce till ett långsiktigt uppdrag hos en större internationell industriverksamhet. I rollen får du en nyckelposition där du ansvarar för att vidareutveckla och förvalta digitala handelslösningar med stöd av Googles applikationer och plattform...
30453419,Distriktschef - Stockholm,Lidl Sverige KB,sv,True,,,,,,"Vi är över 5000 engagerade mathjältar som jobbar i våra svenska butiker, på våra lager och kontor – som tillsammans gör vår fantastiska resa möjlig. På så vis kan ännu fler handla och äta god mat av högsta kvalitet till branschens bästa pris. För när vi växer, växer du. Sån är nämligen Lidl.  Jobb..."
30453326,Barnvakt Nanny Bromma 1-2 ggr/v,2007 Nannynu AB,sv,True,,,,,,"Om Nannynu! / About Nannynu! Vi är ett av Sveriges största, första och mest prisbelönta barnvaktsföretag och stolta över att ha bra villkor i linje med kollektivavtal för alla våra anställda barnvakter. Vi tror på att leverera barnvakter i världsklass och då vi är ett växande företag söker vi nu Dig..."
30453292,Experienced Auditor | Audit | Stockholm,Ernst & Young AB,en,False,,,,,,"Are you ready to take the next step in your career in auditing? We are looking for a Senior Audit Consultant with at least 5 years of professional experience to join our Audit Assurance team based in Stockholm. Regardless of your current level of experience, we offer an opportunity to grow and devel..."
30453288,IT-säkerhetshandläggare till samhällsviktigt företag,Friday Väst AB,sv,True,,,,,,"Vill du arbeta med IT- och informationssäkerhet i komplexa och tekniskt avancerade system där säkerhet är affärskritiskt? Vi söker nu en IT-säkerhetshandläggare som vill bidra till att säkerställa att försvarsnära IT-system uppfyller högt ställda krav på informationssäkerhet, IT-säkerhet och signals..."
30453144,Sales Manager Nordics,Mogotel Kista Hotel AB,en,False,,,,,,"Mogotel is an international hotel operator headquartered in Riga, Latvia with 23 years of experience in European-level services and a friendly approach to every customer. We operate 2 hotels in the Baltic states and Western Europe, offering a total of more than 3000 rooms. We represent our own brand..."
30453155,Psykiatrisjuksköterska till Ofelia Vård,Ofelia Vård AB,sv,True,,,,,,"Ofelia Vård AB är tillsammans med Skandinavisk Hälsovård, Svensk Närsjukvård, Doc Care, HLR Landslaget och Linguacom, en del av Skandinavisk Hälsovård Group.    Ofelia Vård är ett auktoriserat bemanningsföretag med medlemskap i Kompetensföretagen. Med detta följer en garanti på att vi följer arbetsm..."
30453058,Socialsekreterare för konsultuppdrag inom barn och unga,Dedicare Sverige AB,sv,True,,,,,,"Om jobbet Söker du efter en seriös arbetsgivare som gör det möjligt för dig att ta uppdrag enligt dina önskemål? Nu söker vi dig som är utbildad socionom med flerårig erfarenhet inom myndighetsutövning barn och unga till uppdrag i Stockholms län. Vi erbjuder dig flexibelt upplägg, trygga anställning..."
30453027,Interimschef | Myndighet | Solna ,Experis AB,sv,True,,,,,,"Är du en erfaren ledare med gedigen kompetens inom lönehantering, HR-system och bemanning? Vi på Manpower söker nu en interimschef till ett konsultuppdrag hos en myndighet i Solna. Uppdraget innebär fullt chefsmandat och ansvar för att leda en nybildad enhet med 14 medarbetare. Låter det som din näs..."
30452978,Kommunikatör,Länsförsäkringar Stockholm,sv,True,,,,,,"Vi söker en skicklig och kreativ kommunikatör som drivs av att skapa innehåll som engagerar, skapar värde och är enkelt att ta till sig. Hos oss får du en bred och varierad roll där du är med och stärker vårt varumärke – både externt och internt. Tjänsten är ett föräldravikariat på ett år.    Om rol..."
30453003,HR-specialist till statlig myndighet,Adecco Sweden AB,sv,True,,,,,,Om tjänsten Vi söker en HR-specialist till en statlig myndighet i Stockholm! I rollen ger du stöd till chefer inom HR med fokus på rekrytering och deltar i hela rekryteringsprocessen. Du arbetar både självständigt och tillsammans med kollegor inom områden som kompetensförsörjning samt avtals- och lö...
30452946,RESEARCHER CHARACTERIZATION,Exeger Operations AB,en,False,,,,,,"We have invented a solar cell technology that enables endless energy, Powerfoyle. Not only will it change the world, but it also means you will work with leading technology, science, and machines – all under the same roof in our urban factories. We are passionate about the potential of our technolog..."
30452853,Sprängtekniker,Hypex Bio Explosives Technology AB,sv,True,,,,,,"Vill du spela en nyckelroll i att introducera världens första gröna och nitratfria sprängämne? Hos Hypex Bio får du chansen att bygga framtidens sprängämnesindustri med global räckvidd, och göra verklig skillnad för miljön och branschen. Vi kan erbjuda en unikt utvecklande och spännande roll där du ..."
30452815,Digital kommunikatör | Offentlig sektor | Stockholm,Experis AB,sv,True,,,,,,"Vill du kombinera digital kommunikation med kreativ grafisk formgivning? Vi på Jeffersson Wells söker nu en digital kommunikatör till ett spännande konsultuppdrag hos en förvaltningsmyndighetmyndighet i Stockholm. Här får du skapa visuella koncept, utveckla digitalt innehåll och arbeta med webbpubli..."
30452360,Senior Cost Manager / Quantity Surveyor ,Aurora Construction Consultancy AB,en,False,,,,,,"We are seeking a highly skilled Senior Cost Manager / Quantity Surveyor to join our growing team in Stockholm. At Aurora Construction Consultancy, you’ll be part of a fast-paced and quality-driven environment, working in a team that values collaboration, autonomy, and international standards of deli..."
30452771,Teknisk förvaltare till Stockholmshem,Bemannia AB (Publ.),sv,True,,,,,,Nu söker vi för kunds räkning en teknisk förvaltare till ett uppdrag på 6 månader med start omgående. Om uppdragetUppdraget är ett konsultuppdrag via Bemannia med start omgående och fram till slutet av juni. Uppdraget är på heltid och du kommer att vara placerad på enhetens kontor i Stockholm. Rolle...
30452693,Erfaren kock till Söderholmsskolan - en skola med hjärta,Stockholms kommun,sv,True,,,,,,"Stockholm – vår huvudstad med miljoner drömmar, förväntningar och ambitioner. Vi jobbar för alla som lever här idag och i framtiden. Nu söker vi dig som vill tänka stort, nytt och annorlunda med oss – för stockholmarna.    Välkommen till oss,  Söderholmsskolan är en skola med hjärta.  Vi sätter ..."
30452615,Kundtjänstmedarbetare till Axel Group,Perido AB,sv,True,,,,,,"Har du erfarenhet av kundservice via telefon och söker nästa steg i din utveckling? Hos Axel Group erbjuds du en varierad kundserviceroll i ett sammansvetsat team, där du varje dag bidrar till trygga och pålitliga lösningar som gör verklig skillnad för människor runt om i Sverige. Om tjänsten Perido..."
30452543,Parkarbetare - Säsong,Stockholms kommun,sv,True,,,,,,"Stockholm – vår huvudstad med miljoner drömmar, förväntningar och ambitioner. Vi jobbar för alla som lever här idag och i framtiden. Nu söker vi dig som vill tänka stort, nytt och annorlunda med oss – för stockholmarna.  Hägersten-Älvsjö är en av 11 stadsdelsförvaltningar i Stockholms stad med cirka..."
30452489,Socialsekreterare till familjerätten på Kungsholmen,Stockholms kommun,sv,True,,,,,,"Stockholm – vår huvudstad med miljoner drömmar, förväntningar och ambitioner. Vi jobbar för alla som lever här idag och i framtiden. Nu söker vi dig som vill tänka stort, nytt och annorlunda med oss – för stockholmarna.    Välkommen till oss  Vill du göra skillnad och arbeta med barnet i fokus? En..."
30452356,Product Planner,H & M Hennes & Mauritz Gbc AB,en,False,,,,,,"Do you want to be part of creating the best customer offer, driving profitable growth and strengthening our customer offer? Are you looking for a role where your analysis and actions really make a difference? Then this is the opportunity for you!    H&M Assortment is a dynamic international workplac..."
30452345,Tak och tätskikts arbetare,Bemanning Sverige Byrå AB,sv,True,,,,,,"Tätskiktsmontör till LEKAB – Vill du vara en del av vår framgång? Är du redo för nya utmaningar inom tätskiktsarbete? Vi söker flera tätskiktsmontörer som vill rekryteras till LEKAB och vara med och arbeta med varierande arbetsuppgifter som att bränna ytor, montera taksäkerhet, isolera och arbeta me..."
30452286,Rekrytering av lagerarbetare till Långholmen kajak,Långholmen Kajak AB,sv,True,,,,,,"Detta är inte ett traditionellt lagerarbete utan en praktisk och fysisk roll med stort eget ansvar. Vi söker en lagerarbetare som i praktiken fungerar som lageransvarig och arbetar operativt med lager, leveranser och logistik. Arbetet sker i huvudsak utomhus och innebär daglig hantering av långa och..."
30452023,Barnvakt Nanny Älvsjö Sporadiskt,2007 Nannynu AB,sv,True,,,,,,"Om Nannynu! / About Nannynu! Vi är ett av Sveriges största, första och mest prisbelönta barnvaktsföretag och stolta över att ha bra villkor i linje med kollektivavtal för alla våra anställda barnvakter. Vi tror på att leverera barnvakter i världsklass och då vi är ett växande företag söker vi nu Dig..."
30451943,Söker lokalvårdare/trappstädare på heltid i Stockholm ,Smart Förvaltning Sverige AB,sv,True,,,,,,Smart Trappstädning specialiserar sig på miljövänlig trappstädning med hög kvalité till bostadsrättsföreningar och andra fastighetsägare i Stockholm. Bolaget har vunnit flera nya kontrakt och söker därför efter en nya medarbetare till vårt team inom lokalvård. Körkort ett krav! Hos oss arbetar du i ...
30451949,"Senior SAP Solution Architect  EAM, Logistics & Digital Platforms",Vattenfall AB,en,False,,,,,,"Company Description Vattenfall is one of Europe’s largest producers and retailers of electricity and heat. Our main markets are Sweden, Germany, the Netherlands, Denmark, and the UK. The Vattenfall Group has approximately 20,000 employees. We have been electrifying industries, powering homes and tra..."
30451852,Systemutvecklare .NET,Polismyndigheten,sv,True,,,,,,Arbetsplatsbeskrivning Behoven av smartare ledningsförmågor växer och vi behöver växa med dem. Polisen står inför ett generationsskifte när det gäller kommunikation där vi är på väg mot nästa generations radiokommunikation. Det kommer att ge oss nya kommunikationsmöjligheter med ökad förmåga att del...
30451837,Rådgivare till Specialpedagogiska skolmyndighetens rådgivningsavdelning,Specialpedagogiska Skolmyndigheten,sv,True,,,,,,"Vill du vara med och skapa de bästa förutsättningarna för en likvärdig utbildning? Vi på Specialpedagogiska skolmyndigheten, SPSM, arbetar för att alla barn, elever och vuxenstuderande med funktionsnedsättning ska nå målen för sin utbildning. Vi driver egna specialskolor på olika orter i Sverige. Vi..."
30451472,System Developer - DICOM Team,Raysearch Laboratories AB (Publ),en,False,,,,,,RaySearch develops innovative software solutions to improve cancer care. About 1000 clinics in more than 40 countries use RaySearch software to improve treatments and quality of life for patients. RaySearch was founded in 2000 and is listed on Nasdaq Stockholm. The headquarters is located in Stockho...
30451353,Operatörer sökes till Octapharma i Arlandastad!,Uniflex AB,sv,True,,,,,,Om tjänsten På uppdrag för vår kund Octapharma inom läkemedelsindustrin söker vi nu Operatörer!  Du kommer arbeta i deras produktion som är belägen i Arlandastad i Stockholm. Vår kund är ett välkänt läkemedelsföretag och letar efter nya medarbetare inom företaget. Du kommer vara anställd av Uniflex ...
30451338,Ekonomihandläggare till Ekonomiskt bistånd i Järva,Stockholms kommun,sv,True,,,,,,"Stockholm – vår huvudstad med miljoner drömmar, förväntningar och ambitioner. Vi jobbar för alla som lever här idag och i framtiden. Nu söker vi dig som vill tänka stort, nytt och annorlunda med oss – för stockholmarna.    Välkommen till Ekonomiskt bistånd   Här arbetar vi evidensbaserat och målme..."
30451284,Internationell samordnare,"Totalförsvarets Forskningsinstitut, Foi",sv,True,,,,,,"Totalförsvarets forskningsinstitut (FOI) är en statlig myndighet som bedriver världsledande forskning inom försvar och säkerhet till stöd för Sveriges militära och civila försvar. Forskningen spänner över flera områden, som exempelvis undervatten, cyberförsvar, rymd, telekrig, sensorsystem, civilt f..."
30451201,"Hourly Staff - Class Assistant, After School Care",AB Parts & Paomees,en,False,,,,,,"Join the International School of Kungsholmen The International School of Kungsholmen is an English-speaking IB World School in Stockholm. We follow IB principles, maintain small class sizes, and focus on critical thinking, collaboration, and international-mindedness. The Role We are looking for an O..."
30451224,Samordnare till Kungsholmens hemtjänst,Stockholms kommun,sv,True,,,,,,"Stockholm – vår huvudstad med miljoner drömmar, förväntningar och ambitioner. Vi jobbar för alla som lever här idag och i framtiden. Nu söker vi dig som vill tänka stort, nytt och annorlunda med oss – för stockholmarna.    Välkommen till oss  Hos oss på Hemtjänsten i Kungsholmen är du del av ett l..."
30451181,Tandsköterska till Aqua Dental Hammarby Sjöstad,Aqua Dental AB,sv,True,,,,,,"Hej blivande tandsköterska-kollega! Är du nyfiken på Aqua Dental och att bli en #Aquarebel? En #Aquarebel kännetecknas av värderingar som respekt för patienter och kollegor, en nyfiken, lyhörd och noggrann attityd, samt ett proaktivt och samarbetsvilligt förhållningssätt. Detta är inte något man bli..."
30450984,Platschef Nator - Betongentreprenad,Nator Personal AB,sv,True,,,,,,Bli en del av Nator Entreprenads tillväxtresa – vi söker en Platschef till betongentreprenad!Om oss Nator Entreprenad är ett engagerat bygg- och anläggningsföretag som brinner för att skapa hållbara och högkvalitativa resultat. Våra projekt finns främst i Storstockholm och vårt huvudkontor ligger på...
30450967,Entrèvärd till hotellmiljö,Tempest Security Sverige AB,sv,True,,,,,,"Serviceinriktad entrévärd till hotellmiljö – dagtid Vi söker nu serviceinriktade entrévärdar för tjänstgöring i hotellmiljö i Stockholm. Tjänsten är på 5–2-schema med arbetstid kl. 06:00–18:00.  Detta är en tjänst för dig som brinner för service, trivs i mötet med människor och har en naturlig socia..."
30450891,Starta din IT-karriär hos Eccera!,Eccera Professionals AB,sv,True,,,,,,Vill du ta första steget in i IT-branschen och samtidigt arbeta med spännande projekt? Hos Eccera får du chansen att utvecklas som IT-konsult i en dynamisk miljö där vi värdesätter din potential och vilja att växa. Vi söker dig som har gymnasial utbildning inom IT och relevant praktik – nu är det da...
30448991,Städpersonal/ Cleaner,Tyresö 24 Facility Management AB,en,False,,,,,,Aluma/Tyresö 24 Facility Management AB är ett företag inom premium hemservice som grundades med en idé: att erbjuda en städupplevelse där omtanke står i centrum.  Nu söker vi dig som är en engagerad och noggrann städare som kommer bli en del av vårt fantastiska team! Arbetsuppgifter: utföra städning...
30450593,Solution Architect,Stegra Boden AB,en,False,,,,,,"Studies show that women and underrepresented groups often hesitate to apply unless they meet every requirement. At Stegra, we’re building an impact-driven, sustainable company - and we need a diverse, inclusive team to make it happen. If you share our passion but don’t meet every qualification, we e..."
30450591,Överläkare till PRIMA Täby allmänpsykiatri,Prima Barn- och Vuxenpsykiatri Stockholm AB,sv,True,,,,,,PRIMA Barn- och vuxenpsykiatri AB är en privat vårdgivare inom psykiatrisk specialistvård. PRIMA bedriver vård med hög kvalitet där behandling vilar på en vetenskaplig grund med patienten i fokus. Psykisk hälsa ska vara lika självklar som fysisk hälsa.    Nu söker vi en ny läkarkollega till vår mott...
30450520,Data Engineer,Stegra Boden AB,en,False,,,,,,"Studies show that women and underrepresented groups often hesitate to apply unless they meet every requirement. At Stegra, we’re building an impact-driven, sustainable company - and we need a diverse, inclusive team to make it happen. If you share our passion but don’t meet every qualification, we e..."
30450431,Kinesisktalande Catering Host till sommarsäsongen,Tallink Silja AB,sv,True,,,,,,"Talar du flytande kinesiska och vill använda dina språkkunskaper i en social, internationell och fartfylld miljö? Vi söker engagerade medarbetare till Silja Symphony inför sommarsäsongen. Här blir du en viktig länk mellan våra kinesisktalande gäster och verksamheten. Som Catering Host arbetar du frä..."
30450414,Finsktalande Butikspersonal till sommarsäsongen,Tallink Silja AB,sv,True,,,,,,"Brinner du för försäljning, är finsktalande och vill bli en del av vårt härliga team ombord? Vi söker engagerade medarbetare till Silja Symphony inför sommarsäsongen. Ombord erbjuds ett spännande arbete i butiker inom fashion, taxfree och parfym/kosmetik. Som butikspersonal driver du bland annat för..."
30450402,Finsktalande Lekledare till sommarsäsongen,Tallink Silja AB,sv,True,,,,,,Är du en energispridare som kan finska och vill prova på livet till sjöss? Vi söker dig som vill arbeta i vår barnverksamhet under sommarsäsongen ombord på Silja Symphony. Som lekledare blir du en viktig del av teamet och skapar minnesvärda upplevelser för våra yngsta gäster. Du deltar i planering o...
30450357,Serveringspersonal till sommarsäsongen,Tallink Silja AB,sv,True,,,,,,"Har du erfarenhet av servering och vill bli en del av vårt härliga team ombord? Vi erbjuder arbete i en spännande och internationell miljö, där vi jobbar tillsammans i högt tempo och har roligt på vägen. Alltid med gästerna i fokus! Nu söker vi serveringspersonal till sommarsäsongen ombord på Silja ..."
30450323,Kockar och kallskänkor till sommarsäsongen,Tallink Silja AB,sv,True,,,,,,"Har du gedigen erfarenhet som kock eller kallskänka och vill bli del av vårt härliga team ombord? Vi erbjuder arbete i en spännande och internationell miljö, där vi jobbar tillsammans i högt tempo och har roligt på vägen. Alltid med gästerna i fokus! Nu söker vi kockar och kallskänkor till sommarsäs..."
30450416,Business Analyst,Swedish Match Sales Sweden AB,en,False,,,,,,Join us to deliver a smoke- free future as Business Analyst for Category! We’ve chosen to do something incredible. We’re totally transforming our business and building our future with one clear purpose – to deliver a smoke-free future. Swedish Match is an affiliate of PMI and has been a leader in th...
30450274,Verksamhetschef till Klara Mobila Team Dag,Klara T AB,sv,True,,,,,,"Vill du kombinera ditt engagemang för rehab med tydligt ledarskap och verksamhetsutveckling? Hos Klara får du möjlighet att driva och utveckla en välfungerande verksamhet tillsammans med ett erfaret team – och bidra till att göra världen lite bättre, en människa i taget. Om rollen Vi söker nu en ver..."
30450263,Social Pedagogue,Internationella Engelska Skolan i Sverige AB,sv,True,,,,,,"Internationella Engelska Skolan (IES) is a leading independent school group with academic results far above average and a diverse and energetic staff. Teaching is in both Swedish and English, and the hallways are bilingual. The language of meetings and communication amongst the staff is English.   I..."
30450200,Farmaceut,Apoteket AB,sv,True,,,,,,"Jobba för originalet. Välkommen till Apoteket, nummer ett sedan 1971. Med visioner för framtiden och kvalitet i varje detalj, skapar vi förutsättningar för ett liv i hälsa. Hos oss utvecklas du i en kultur där din röst alltid blir hörd. Och allt vi får över ger vi tillbaka till samhället. Det är så ..."
30450069,Accountant,Internationella Insamlingsstift För Mark oc,en,False,,,,,,About the Tenure Facility The Tenure Facility is the ﬁrst and only international ﬁnancial mechanism exclusively focused on securing land and forest rights for Indigenous Peoples and local communities worldwide. Recognizing and upholding these rights represents one of the most impactful opportunities...
30450019,Vägarbetare Värmdö,Svevia AB (publ),sv,True,,,,,,Att bygga och sköta om vägar och infrastruktur är stort. Att bidra till samhällsutvecklingen är ännu större. Hos oss får du göra både och. Nu söker vi en vägarbetare inom drift och underhåll till vår etablering på Värmdö. Inom Svevia kombinerar vi det lilla företagets gemenskap och lagkänsla med sto...
30449869,Vi söker socialsekreterare till vårt placeringsteam!,Stockholms kommun,sv,True,,,,,,"Stockholm – vår huvudstad med miljoner drömmar, förväntningar och ambitioner. Vi jobbar för alla som lever här idag och i framtiden. Nu söker vi dig som vill tänka stort, nytt och annorlunda med oss – för stockholmarna.  Hägersten-Älvsjö är en av 11 stadsdelsförvaltningar i Stockholms stad med cirka..."
30449815,QA Specialist med AI-fokus,Ellevio AB,sv,True,,,,,,"Är du redo för att hänga med på vår spännande resa? Ellevio är ett av Sveriges största energibolag och tillsammans fortsätter vi att elektrifiera Sverige. Hos oss är du en del av en trygg och viktig framtidsbransch samtidigt som du får möjlighet att göra skillnad, växa som individ och ha riktigt kul..."
30449799,Fysioterapeut till konsultativ roll,Klara T AB,sv,True,,,,,,"Vi söker Fysioterapeut till vårt Stockholmsteam Är du intresserad av att jobba konsultativt inom äldreomsorg/LSS, med fast anställning och stöd av ett stort team arbetsterapeuter och fysioterapeuter? Då söker vid dig som är en engagerad flexibel Fysioterapeut till en tjänst i vårt mobila rehabteam! ..."
30449811,Arbetsterapeut till konsultativ roll,Klara T AB,sv,True,,,,,,"Vi söker Arbetsterapeut till vårt Stockholmsteam Är du intresserad av att jobba konsultativt inom äldreomsorg/LSS, med fast anställning och stöd av ett stort team arbetsterapeuter och fysioterapeuter? Då söker vid dig som är en engagerad flexibel Arbetsterapeut till en tjänst i vårt mobila rehabteam..."
30449705,Byggledare,Centio Consulting Group AB,sv,True,,,,,,Vi söker en Byggledare inom berg- och anläggningsarbete till en myndighet inom trafik.  Detta är ett flerårigt konsultuppdrag. Stationeringsort är Stockholm. Tjänsten är på heltid. Uppdraget innebär ett nära samarbete med kunden vilket ställer stora krav på flexibilitet och samarbetsförmåga. Uppdrag...
30449653,Skolsköterska sökes till västra Stockholm,Dedicare Sverige AB,sv,True,,,,,,"Vi söker dig som är skolsköterska med minst två års erfarenhet som skolsköterska för uppdrag på en F-6 skola i västra Stockhom, tjänsten omfattar 2-3 dagar/vecka under feb-mars med stor chans till förlängning. Vi erbjuder dig flexibelt upplägg, trygga anställningsvillkor, bra lön och goda förmåner. ..."
30449607,Handläggare - arbeta med digitalisering av rättsligt samarbete inom EU,Regeringskansliet,sv,True,,,,,,"Kriminalpolitiska enheten, Justitiedepartementet  Vill du vara med och driva frågor om användningen av modern teknik för gränsöverskridande kommunikation? Som handläggare på enheten kan vi erbjuda dig en spännande roll i högt tempo och omväxlande arbetsuppgifter som bidrar till samhällsutvecklingen...."
30449558,Test Manager,Deploja AB,sv,True,,,,,,Vi har nu ett nytt behov och söker därför en konsultkollega med nedan kvalifikationer. Tjänsten är en del av vår konsultverksamhet vilket innebär att du blir anställd av oss och arbetar hos kund alt. interna projekt och åtaganden. Din profil (Skall krav)• Minst 7 års erfarenhet av QA/test i agila te...
30449333,Är du Stockholms vassaste Onsitetekniker?,Eccera Professionals AB,sv,True,,,,,,Är du en serviceminded och positiv onsitetekniker som gillar att lösa problem på plats? Vill du arbeta nära användarna och ge riktigt bra support? Då har vi rollen för dig!  Som konsult på Eccera får du en trygg anställning och samlar på dig värdefull arbetslivserfarenhet på uppdrag hos våra kunder....
30449307,Facilities Specialist,Fasticon Kompetens AB,sv,True,,,,,,"Synoptik Sweden söker en Facilities Specialist  Söker du nästa steg i arbetslivet och vill arbeta i en affärsnära roll med många kontaktytor? Trivs du i en vardag där teknik, service och relationer möts?  Då kan du vara den vi söker till rollen som Facilities Specialist till Synoptik Sweden.   Om ro..."
30449223,We're hiring home cleaners in Stockholm,Freska Sweden AB,en,False,,,,,,Do you have experience in home cleaning and want to work at a company that offers real opportunities to grow and develop? Join us at Freska as a home cleaner. Freska – More than just a cleaning company 💙 Freska is one of Europe’s fastest growing cleaning companies with one clear goal: to become the ...
