job_id,title,employer,lang,english_flag,municipality,region,city,streetAddress,url,text_excerpt
30697900,Manager inom revision,People of Interim & Finance Sweden AB,en,False,,,,,,"Vill du ta nästa steg i din karriär inom revision och arbeta i en organisation med stark företagskultur, familjär stämning och ett tydligt kundfokus? Nu söker vi en erfaren Manager inom revision som vill vara med på en spännande tillväxtresa och bidra till att utveckla både verksamheten och kundrela..."
30697772,Customer Support Swedish Speaking - Full-Time (Hybrid Working in Malta),Besedo AB,en,False,,,,,,"Join a vibrant international team dedicated to making the Internet a safer place for everyone! Who are we?  Besedo is a tech company delivering Trust & Safety solutions to online marketplaces worldwide. Every year, we review and moderate over 500 million pieces of user-generated content and block mo..."
30697748,Application Support Engineer|Java Microservices +Camunda BPMN|,Infosys Technologies (Sweden) AB,en,False,,,,,,"Role –Application Support Engineer Technology – Java/Spring Boot microservices with Camunda BPMN/DMN, Kubernetes, Docker, CICD Location – Stockholm, Sweden Business Unit – ENGNE Compensation – Competitive (including bonus)   Job Description Today, the corporate landscape is dynamic and the world ahe..."
30697744,Senior Support Engineer| Telecom network inventory platforms,Infosys Technologies (Sweden) AB,en,False,,,,,,"Role –Technology Lead  Technology – KLIPP, and Tarantula/Red Cube, .NET/C# and MSSQL Location – Stockholm, Sweden Business Unit – ENGNE Compensation – Competitive (including bonus)   Job Description Today, the corporate landscape is dynamic and the world ahead is full of possibilities! None of the a..."
30697732,Infoblox NetMRI (NCCM) Consultant,Infosys Technologies (Sweden) AB,en,False,,,,,,"Role –Lead Consultant  Technology – Infoblox NetMRI (NCCM), Python and Perl Location – Stockholm, Sweden Business Unit – ENGNE Compensation – Competitive (including bonus)   Job Description Today, the corporate landscape is dynamic and the world ahead is full of possibilities! None of the amazing th..."
30697653,Entry-level Product Manager/Chemist – Dendrimers & Advanced Polymers,Polymer Factory Sweden AB,en,False,,,,,,"About Polymer Factory Polymer Factory Sweden AB is a Stockholm‑based company specializing in advanced dendritic materials, including bis‑MPA dendrimers and dendrons, for applications in life science, diagnostics, and advanced materials. We combine research‑driven product development with close colla..."
30697545,IT-säkerhetstekniker till Kammarkollegiet,Kammarkollegiet,sv,True,,,,,,Vill du vara en viktig kugge i vårt IT-säkerhetsarbete?  Har du lång erfarenhet av IT‑säkerhet och vill arbeta i en verksamhet där ditt arbete gör skillnad på riktigt? Vi söker en tekniker som vill bidra till att stärka vår digitala motståndskraft. Hos oss får du arbeta med komplexa utmaningar och v...
30697535,Dstny is looking for an Operations Engineer,Dstny Communication Solutions SWE AB,en,False,,,,,,"About the job Like the roots of a great oak tree, we want you to expand your roots horizontally as well as in-depth. At Dstny, we look for sharp minds, courageous forward-thinkers, fun lovers, kind hearts, and beautiful souls. Dstny Communication Solutions is the technological division of the Dstny ..."
30697564,IT Business Analyst,Eccera Professionals AB,en,False,,,,,,"För en av våra kunder i Stockholm söker vi en IT Business Analyst som trivs i en bred och verksamhetsnära roll. Här får du arbeta i en större IT miljö där du kombinerar kravhantering, analys och dialog med många olika delar av organisationen. Du som drivs av att förstå helheter, utforska behov och o..."
30697455,Service Implementation Specialist,Sinch Sweden AB,en,False,,,,,,"Sinch is pioneering the way the world communicates. More than 150,000 businesses — including Google, Uber, Paypal, Visa, Tinder, and many others — rely on Sinch’s Customer Communications Cloud to power engaging customer experiences through mobile messaging, voice, and email. Whether you need to veri..."
30697437,Customer Success Manager,Lovable Labs Sweden AB,en,False,,,,,,"TL;DR - We’re looking for a Founding CSM to guide Lovable users from first value to full adoption. You’ll build trusted relationships, help customers ship faster, and turn every account into a success story. Why Lovable? Lovable lets anyone and everyone build software with any language. From solopre..."
30697316,Copywriter (Native-Level English),Securitas Intelligent Services AB,en,False,,,,,,"Securitas Group For 90 years, we have helped keep your world safe. It's a purpose we continue to pursue in today's complex and ever-changing world because everyone deserves to feel safe. Securitas is a world-leading safety and security solutions partner that help make your world a safer place. By le..."
30697220,PR Specialist (Swedish & English speaker),Securitas Intelligent Services AB,en,False,,,,,,"Securitas Group For 90 years, we have helped keep your world safe. It's a purpose we continue to pursue in today's complex and ever-changing world because everyone deserves to feel safe. Securitas is a world-leading safety and security solutions partner that help make your world a safer place. By le..."
30697075,Produktspecialist inom M365,Academic Work Sweden AB,en,False,,,,,,Har du erfarenhet av M365 och vill fortsätta utvecklas inom området? Hos vår kund får du möjligheten att driva innovation och sprida kunskap om Microsoft 365-sviten. Bli en nyckelperson i att maximera nyttan av M365 för alla användare! Om tjänsten Du kommer vara ansvarig för att utveckla och förvalt...
30697051,Total Rewards Analyst (Excel advanced),H & M Hennes & Mauritz Gbc AB,en,False,,,,,,"Job Description   As a Total Rewards Analyst, you will act as a trusted expert in data management, reporting, and insights. You will be a key contributor to the successful execution of core rewards programs, deliver different types of compensation data analysis and prepare market and trend reporting..."
30697007,Infrastructure Engineer sökes!,Perido AB,en,False,,,,,,"Har du dokumenterad erfarenhet av IBMi och vill ta en nyckelroll i arbetet med att utveckla och drifta affärskritiska IT-miljöer? Trivs du i en kombination av operativt och strategiskt arbete, där du både hanterar daglig drift och bidrar med förbättringar och långsiktiga lösningar? Då är detta en mö..."
30696993,ServiceNow Specialist (HRSD),H & M Hennes & Mauritz Gbc AB,en,False,,,,,,"Job Description   The ServiceNow Specialist is the digital backbone of People Services, Payroll & Operations (PSP&O). This role ensures that the global service platform (ServiceNow or equivalent) is optimised, user-friendly, and aligned to PSP&O’s ambition of delivering digital, streamlined, and com..."
30696935,Senior UX-designer inom prototyp och implementation,Avaron AB,en,False,,,,,,Om företaget Avaron AB är ett växande konsultbolag som matchar din spetskompetens med marknadens mest intressanta uppdrag och erbjuder en plattform där din utveckling står i centrum. Om uppdraget Vi söker en erfaren UX-designer till ett uppdrag inom utveckling av digitala tjänster. Du arbetar nära p...
30696896,Night Manager - Extra - NOFO Hotel & Wine Bar,Nofo Hotel AB,en,False,,,,,,"NOFO Hotel & Wine Bar  NOFO Hotel & Wine bar är ett familjeägt hotell som ligger i den mest pulserande delen av Södermalm. Vi är brinner för design och service, det sistnämnda skulle vi inte klara av utan vår underbara personal. Vår ambition är att skapa en avslappnad men ändå professionell miljö, d..."
30696894,Kids Fashion Designer,H & M Hennes & Mauritz Gbc AB,en,False,,,,,,"Job Description   We’re looking for bold and creative Kids Fashion Designers to join us at H&M Kids — for both current and future opportunities. As part of our Design team, you’ll shape a dedicated product area across this customer group - creating fashion that reaches customers around the world.  I..."
30696863,AI Platform Architect,Incluso AB,en,False,,,,,,"We are looking for an AI Platform Architect for a company in Stockholm. Start ASAP, 6-month limited contract to begin with.   Detailed description of work task to be carried out - Detail out architectural roadmap for agentic AI in enterprise - Create requirements for cloud based AI platforms includi..."
30696415,Junior Analysts | Deals and Corporate Finance,Öhrlings PricewaterhouseCoopers AB,en,False,,,,,,"At PwC, you’ll join a global network where expertise, innovation and collaboration come together to create impact. Whether your interests are sustainability, AI or financial analysis, we offer an environment where you can grow and reach your full potential. Our shared goal is clear: to build trust, ..."
30696676,Servicetekniker Kyla till Coromatic,Coromatic AB,en,False,,,,,,Trivs du med att arbeta med engagerade och kunniga kollegor som delar med sig och hjälper varandra? Vill du jobba i en organisation som genomsyras av förtroende och frihet under ansvar? Hos oss på Coromatic erbjuds du ett ansvarsfullt och utvecklande jobb där du får vara med och bidra till att verks...
30696610,RF Power Amplifier and RFIC Design Expert,Incluso AB,en,False,,,,,,"We seek an expert in high-efficiency wideband power amplifier and IC (integrated circuit) design in mobile and terminal applications to join the Huawei Gothenburg research center.   As a technical expert, you are expected to technically lead and participate in the RF frontend circuit design-related ..."
30696575,Hardware Security Research Engineer,Incluso AB,en,False,,,,,,"We are seeking a visionary and hands-on Hardware Security Research Engineer to join Huawei´s security team in Aalborg, Denmark. In this role, you will act as a bridge between future-looking security research and practical technical implementation. Your primary mission is to provide deep insights int..."
30696514,We are looking for you— an amazing female care assistant for extra shifts!,Fri Assistans STHLM AB,en,False,,,,,,"Hej/Hi, My family and I speak both Swedish and English. So, if you speak one of them, you have come to the right place. I am a 57-year-old male with MS (multiple sclerosis), living in central Stockholm with my wife and daughter. I need assistance with all of my daily activities, such as mobility, dr..."
30696491,Senior Python Developer with AWS,SkillHuset Sweden AB,en,False,,,,,,"Requirements We are looking for senior Python Developer with AWS.   Job Responsibilities * Develop, and maintain backend services using AWS Serverless architecture. * Implement solutions using Python, following best practices for performance, scalability, and reliability. * Work with various AWS sto..."
30696447,Senior Power Electronics Engineer,Incluso AB,en,False,,,,,,"We seek a Senior Power Electronics Designer with strong knowledge of Power Electronics Technology, simulation, design and digital control to join Huawei R&D in Stockholm, Huawei’s Stockholm Digital Power Lab (Stockholm Research Center). The Lab is responsible for Digital Power Advanced Technology Re..."
30696370,Operator Relations Account Manager,Sinch Sweden AB,en,False,,,,,,"Sinch is pioneering the way the world communicates. More than 150,000 businesses — including Google, Uber, Paypal, Visa, Tinder, and many others — rely on Sinch’s Customer Communications Cloud to power engaging customer experiences through mobile messaging, voice, and email. Whether you need to veri..."
30696376,AML/CTF Change Specialist,Avaron AB,en,False,,,,,,"Om företaget Avaron AB är ett växande konsultbolag som matchar din spetskompetens med marknadens mest intressanta uppdrag och erbjuder en plattform där din utveckling står i centrum. Om uppdraget Vi söker en erfaren konsult inom förändringsarbete kopplat till motverkande av penningtvätt (AML), finan..."
30696279,AI Engineer to a startup within RegTech,Regulatory Knowledge Europe AB,en,False,,,,,,"Join the journey of a lifetime. We are a regulatory expert and AI platform for modern banks to solve a $500bn problem. Product is in early testing with live customers.   We enable Treasury and Risk experts, Advisors and Lawyers to make quicker and more informed decisions for banks. Co-create workflo..."
30696084,Senior Account Manager inom Elladdningsbranchen,Kraftsam Rekrytering & Bemanning AB,en,False,,,,,,"Vi söker efter en senior Account Manager inom Elladdningsbranchen! Om rollen Vår kund är ett företag specialiserat på elbilsladdning för bostadsrättsföreningar. De erbjuder installation, drift och finansiering av laddningsanläggningar för att boende enkelt ska kunna ladda sina elbilar hemma. Nu söke..."
30696062,Steel Sales Account Manager - Automotive,Stegra AB,en,False,,,,,,"Studies show that women and underrepresented groups often hesitate to apply unless they meet every requirement. At Stegra, we’re building an impact-driven, sustainable company - and we need a diverse, inclusive team to make it happen. If you share our passion but don’t meet every qualification, we e..."
30696041,Säkerhetschef sökes till Södertörns tingsrätt ,Sveriges Domstolar,sv,True,,,,,,Är du utbildad ordningsvakt med chefserfarenhet och vana att arbeta med operativa säkerhetsfrågor? Har du dessutom en god känsla för service och ett starkt engagemang för att skapa en säker och trygg miljö för besökare och medarbetare? Då kan tjänsten som chef för säkerhetsenheten hos oss vara rätt ...
30695945,Cyber Security (IAM) Analyst to work,Professional Galaxy AB,en,False,,,,,,"Professional Galaxy is an IT and technology consulting company that provides highly specialized expertise within IT, software development, SAP, purchasing, electronics and mechanical design. We collaborate with experienced senior experts and deliver strategic value-creating expertise to some of Swed..."
30695706,IT- och informationssäkerhetsansvarig,Svevia AB (publ),sv,True,,,,,,Att bygga och sköta om vägar och infrastruktur är stort. Att skydda vår digitala miljö är ännu större. Hos oss får du göra både och. Nu söker vi en IT- och informationssäkerhetsansvarig med särskilt fokus på operativa och taktiska arbetsuppgifter – och med förmåga att lyfta blicken till de strategis...
30695617,Senior IT-Säkerhetstekniker,Sway Sourcing Sweden AB,no,True,,,,,,"Om uppdraget 🔐 Vi söker en senior Senior IT-Säkerhetstekniker till ett långsiktigt konsultuppdrag hos en aktör inom offentlig sektor. Uppdraget genomförs i en avancerad nät- och säkerhetsmiljö där fokus ligger på drift, installation, konfigurering och automatisering av organisationens säkerhetsinfra..."
30695052,Automation Engineer to Polygon Group,Wise Group AB,en,False,,,,,,"Do you want to play a key role in a global organization where automation drives real business impact? Do you enjoy taking ownership, shaping smart solutions, and working closely with stakeholders across countries?  If you're motivated by influence, responsibility and real change — this might be your..."
30694973,Senior Embedded Software Tech Lead & Line Manager,Avaron AB,en,False,,,,,,Om företaget Avaron AB är ett växande konsultbolag som matchar din spetskompetens med marknadens mest intressanta uppdrag och erbjuder en plattform där din utveckling står i centrum. Om uppdraget Vi söker en mycket senior teknisk ledare till ett pågående och affärskritiskt produktutvecklingsprogram ...
30695022,AI Adoption Driver,"Nordea Bank Abp, Filial i Sverige",en,False,,,,,,"Job ID: 3093   Welcome to Group Technology, where we pride ourselves on engineering solutions and platforms with a direct impact to Nordea’s 2030 strategy goals to modernize our data technology state and accelerate AI across the organization. We are looking for an enthusiastic and detail-oriented pe..."
30695010,Technical Project Lead – Product Integration & Validation,Avaron AB,en,False,,,,,,Om företaget Avaron AB är ett växande konsultbolag som matchar din spetskompetens med marknadens mest intressanta uppdrag och erbjuder en plattform där din utveckling står i centrum. Om uppdraget I det här uppdraget ansvarar du för produktens tekniska leverans med fokus på integration och verifierin...
30694918,Tactical Supervisor,Luftfartsverket,en,False,,,,,,"Vill du vara med och leda, stödja och utveckla det operativa arbetet på Stockholm Approach? Vi söker nu en Tactical Supervisor som tillsammans med teamet säkerställer effektiv drift och skapar förutsättningar för medarbetarnas utveckling.  Om tjänsten En Route ansvarar för den dagliga driften vid ko..."
30694846,Embedded Software Engineer to ALTEN Sweden in Stockholm!,Alten Sverige AB,en,False,,,,,,"We are looking for a driven Embedded Software Engineer to join our team in Stockholm. In this role, you will contribute to the development of high-quality embedded systems, working on real-time and resource-constrained applications. You’ll be part of a collaborative environment where your expertise ..."
30694791,Strategic Managed Service Sales Lead | Client & Industries | Nordics,Ernst & Young AB,en,False,,,,,,"Shape the future of managed services by leading high impact, technology enabled deals at scale. You thrive in complex environments in a sector, build trusted C-suite relationships, and turn long-term vision into near-term wins. If you want to drive growth, influence strategy, and showcase true end-t..."
30694724,KRYPTOLOG TILL AVDELNINGEN FÖR KRYPTO OCH IT-SÄKERHET VID MUST,Försvarsmakten,de,True,,,,,,Vill du ha ett meningsfullt arbete och bidra till ett säkrare Sverige i en osäker värld? Sök dig i så fall till oss på Must! Vi behöver fler kryptologer som vill arbeta med de kryptosystem som skyddar Sveriges säkerhet. Som kryptolog på avdelningen för krypto och IT-säkerhet arbetar du tillsammans m...
30694669,Senior Platform Engineer,H & M Hennes & Mauritz Gbc AB,en,False,,,,,,"Job Description   As a Senior Platform Engineer, you play a critical role in maintaining and evolving our enterprise integration platforms. This role blends engineering and operations, ensuring our platforms are not only reliable today but improved for tomorrow. You will focus heavily on proactive e..."
30694565,Change Control Coordinator till IT-transformation inom bank,Sway Sourcing Sweden AB,en,False,,,,,,Vi söker en Change Control Coordinator till ett konsultuppdrag i Stockholm. Uppdraget är en del av ett större transformationsprogram där en ny IT-plattform och ett framtida arbetssätt inom Custody implementeras. I rollen ingår du i programmets change management-team och ansvarar för att koordinera c...
30694462,Embedded Software Developer in Stockholm,Axis Communications AB,en,False,,,,,,"At Axis, we've always been about pushing the boundaries in pursuit of innovating for a smarter, safer world. We do this by developing IP-based products and innovations for security and video surveillance. We are expanding our Stockholm team and looking for an Embedded Developer interested to work in..."
30694460,It-säkerhetstekniker med fokus på nät- och brandväggsautomation,Avaron AB,sv,True,,,,,,Om företaget Avaron AB är ett växande konsultbolag som matchar din spetskompetens med marknadens mest intressanta uppdrag och erbjuder en plattform där din utveckling står i centrum. Om uppdraget Vi söker en It-säkerhetstekniker som vill bidra i en samhällsviktig organisation med fokus på nätsäkerhe...
30690103,Clinical Research Associate I,Parexel Sweden AB,en,False,,,,,,"Parexel is currently seeking Clinical Research Associates to join our team in Sweden. At Parexel, the CRA role offers the opportunity to go beyond the role of a typical clinical monitor. CRA’s are accountable for using their expertise to build and maintain the site relationship and ensure they’re se..."
30694350,Receptionist till ambulerande pool,KFX HR-partner Skandinavien AB,en,False,,,,,,Om tjänsten Är du en servicestjärna som vill ta nästa steg i arbetslivet och söker ett varierande arbete inom reception och administration? Trivs du på olika arbetsplatser och tycker om en omväxlande vardag? Då kan du vara rätt person för rollen som ambulerande receptionist till våra kunder i Storst...
30693608,Senior IT Project Managers,MultiMind Holding AB,en,False,,,,,,"For one of our clients within the energy sector, we are currently looking for two Senior IT Project Managers to lead strategically important IT transformation initiatives within Customer IT in the Nordics. The assignments are within the Contract & Billing domain. One consultant will manage two separ..."
30693513,Säljare till The Magnum Ice Cream Company – Stockholm Norra,Storesupport Sverige AB,en,False,,,,,,"Job&Talent är en del av Storesupport. När du klickar på ""Ansök här"" kommer du att dirigeras vidare till Job&talent.  Om företaget: The Magnum Ice Cream Company är en ledande aktör inom glass och står bakom några av världens mest ikoniska varumärken, såsom Magnum och Ben & Jerry’s. Med starka varumär..."
30693364,Senior Private & Corporate Executive Assistant till VD,Asta Agency AB,en,False,,,,,,"Om bolaget Vi på Asta Agency samarbetar med en entreprenör och VD med omfattande engagemang i flera bolag. Tjänsten är placerad i VD:s egna bolag, där du arbetar nära ägaren och blir en central del av hans Private Office. Detta är en förtroendebaserad roll med stort mandat och bred exponering. Du få..."
30693278,Trainee Patent Attorney - Potter Clarkson KB,Potter Clarkson AB,en,False,,,,,,"WHO ARE POTTER CLARKSON KB? Potter Clarkson is an award-winning, top-tier firm of European patent and trade mark attorneys and IP lawyers, and one of the largest full-service intellectual property practices in Europe. They have offices in the UK, Sweden and Denmark. WHY CHOOSE POTTER CLARKSON? Advis..."
30693212,Senior Associate - Potter Clarkson KB,Potter Clarkson AB,en,False,,,,,,"WHO ARE POTTER CLARKSON KB? Potter Clarkson is an award-winning, top-tier firm of European patent and trade mark attorneys and IP lawyers, and one of the largest full-service intellectual property practices in Europe. They have offices in the UK, Sweden and Denmark. WHY CHOOSE POTTER CLARKSON? Advis..."
30693186,"Customer Support Associate, Sweden",Sellhelp AB,en,False,,,,,,"We hope you are inspired to change the world for the better through your work and helping our customers with a wide variety of challenges.  💙 Sellpy’s vision is to empower everyone to live circularly. We see a tremendous financial, social and environmental value in making sure unused items are put t..."
30693162,Technical Product Owner - Fulfillment,Sellhelp AB,en,False,,,,,,"Join us in building the systems that power Sellpy’s entire proprietary logistics engine — from warehouses to carriers, delivery promises, automation and everything in between. 💙 Sellpy’s vision is to empower everyone to live circularly. We see a tremendous financial, social and environmental value i..."
30692621,Receptionist,Randstad AB,en,False,,,,,,Arbetsbeskrivning Vi söker nu den rätta stjärnan för rollen som Office Coordinator till ett internationellt företag baserade i centrala Stockholm. Som Office Coordinator kommer du att vara den som koordinerar och hanterar dagliga uppgifter som rör kontoret och kontorsmiljön. Du kommer att vara vårt ...
30692603,Frontlinjen för säkerhet – larmoperatörer till Stockholm,Avarn Security Systems AB,sv,True,,,,,,"Om Avarn Security  Vill du arbeta i en bevakningscentral med ett stort antal kamerainstallationer och en mängd olika service-/ jouruppdrag. Vi har som mål att ständigt ligga i framkant, leda utvecklingen samt bidra till en säker och stabil drift för våra kunder. En effektiv bevakningscentral kännete..."
30692605,Frontlinjen för säkerhet – larmoperatörer till Stockholm,Avarn Security AB,sv,True,,,,,,"Om Avarn Security  Vill du arbeta i en bevakningscentral med ett stort antal kamerainstallationer och en mängd olika service-/ jouruppdrag. Vi har som mål att ständigt ligga i framkant, leda utvecklingen samt bidra till en säker och stabil drift för våra kunder. En effektiv bevakningscentral kännete..."
30692035,Business Advisor till Citedo,Performiq AB,en,False,,,,,,"Tjänstebeskrivning & erbjudande Citedo är en ledande IT-tjänsteleverantör som hjälper små och medelstora företag med IT-lösningar, print och konferensteknik. Med över 80 medarbetare och lokal närvaro på flera orter siktar Citedo på att bli den bästa IT-tjänsteleverantören i Sverige.  Nu söker vi dig..."
30691925,"Senior Key Account Manager, Network Innovations Sweden AB",Addilon Professionals AB,en,False,,,,,,"I rollen som Senior Key Account Manager på nordisk nivå ansvarar du för att utveckla och växa våra mest strategiskt viktiga kunder inom försvar, myndigheter och industriella sektorer. Du driver både befintliga och nya affärer inom satellitkommunikation (Satcom), RF‑teknik och avancerade kommunikatio..."
30691634,Senior Product Quality Engineer to Mycronic!,Academic Work Sweden AB,en,False,,,,,,"Mycronic is a global high-tech company that has been driving the electronics industry forward for over 50 years. We continue to grow and support customers across an increasing number of industries, and what we do shapes the technologies that define the society of the future - how we live our lives t..."
30691632,Automation/Ignition Developer to Scania I-talent 2026!,Academic Work Sweden AB,en,False,,,,,,"For the tenth time, Scania is launching its popular I-Talent Program! The I-Talent Program at Scania is an inspiring six-month journey designed for newly graduated IT students with a passion for innovation and sustainability. You’ll gain hands-on experience in a specialized IT role, access to traini..."
30691593,Office cleaning; 50% position,Sveing AB,en,False,,,,,,"Office Cleaner – Stockholm City We are currently looking for a dedicated and experienced office cleaner to join our team in Stockholm. We offer permanent positions. As part of our cleaning team, you will help maintain a high standard of cleanliness and hygiene in modern, pleasant office environments..."
30691418,Experienced AI & Data Governance Specialist,Soros Consulting AB,en,False,,,,,,"Vi söker nu en erfaren AI och Data Governance-specialist till ett strategiskt viktigt uppdrag i en internationell miljö. Här får du möjlighet att påverka hur organisationen styr, utvecklar och implementerar data- och AI-arbete på ett ansvarsfullt, effektivt och regelrätt sätt. Detta är en roll för d..."
30691401,Cyber Security (IAM) Analyst Senior,Soros Consulting AB,en,False,,,,,,Vi söker nu en Senior Cyber Security (IAM) Analyst till ett uppdrag där du får en central roll i att driva integrationer mellan HR-system och Identity & Access Management (IAM)-landskapet. Detta är en nyckelroll där du fungerar som bryggan mellan HR och IAM och bidrar till en större företagsövergrip...
30691335,ERP Application Specialist at Tobii,Tobii AB,en,False,,,,,,"Tobii is the global leader in eye tracking and a pioneer in attention computing. For over two decades, we have developed technology that understands human attention and intent, enabling innovation across research, industry, gaming, XR and automotive. Headquartered in Stockholm and listed on Nasdaq S..."
30691277,Software Developer,Avaron AB,en,False,,,,,,Om företaget Avaron AB är ett växande konsultbolag som matchar din spetskompetens med marknadens mest intressanta uppdrag och erbjuder en plattform där din utveckling står i centrum. Om uppdraget Vi söker en Software Developer med gedigen kompetens inom CMS-programvara (Combat Management Systems) oc...
30691275,Junior Production Engineer – Circuit Board Assembly,Avaron AB,en,False,,,,,,Om företaget Avaron AB är ett växande konsultbolag som matchar din spetskompetens med marknadens mest intressanta uppdrag och erbjuder en plattform där din utveckling står i centrum. Om uppdraget Vi söker en junior produktionstekniker inom kretskortsmontage (circuit board assembly) till en organisat...
30691199,Account Manager till Chiller Sverige AB,Bravura Sverige AB,en,False,,,,,,"Har du teknisk kompetens inom VVS, kyla eller värmepumpslösningar och trivs i en roll där du kombinerar teknik med kundkontakt? Är du passionerad för försäljning, marknadsföring och att bygga upp starka kundrelationer? Chiller söker nu en resultatorienterad Account Manager för att stärka sitt säljte..."
30691097,Executive Communications Coordinator - World Leading Tech Company,Temp-Team Sverige AB,en,False,,,,,,"Ongoing, Temp-Team Sweden AB is supporting one of the world’s leading global organisations in finding an Executive Communications Coordinator consultant for an onsite role in Stockholm.  This is a great opportunity for someone early to mid in their communications career who wants to work closely wit..."
30690961,Total Rewards Analyst,H & M Hennes & Mauritz Gbc AB,en,False,,,,,,"Job Description   As a Total Rewards Analyst, you will act as a trusted expert in data management, reporting, and insights. You will be a key contributor to the successful execution of core rewards programs, deliver different types of compensation data analysis and prepare market and trend reporting..."
30690989,Sr. Frontend Engineer for Portfolio Brands,H & M Hennes & Mauritz Gbc AB,en,False,,,,,,"Job Description   WHAT YOU’LL DO​ We are seeking a talented Senior Front-End Engineer to join our dynamic team. As a Software Engineer, you are an experienced professional who leads complex projects, mentors junior team members, and contributes to the technical direction of our organization. In addi..."
30690727,Program Manager (Value Realization Lead) to Global Fashion Leader,MultiMind Holding AB,en,False,,,,,,"Program Manager (Value Realization Lead) to Global Fashion Leader We are currently looking for a Program Manager (Value Realization Lead) for an exciting consultancy opportunity within a large-scale business transformation program. This is a full-time assignment (100%) starting March 31st, 2026 and ..."
30690663,Foajéchef till Oscarsteatern/China Teatern,Cerrolargo AB,en,False,,,,,,"Vill du leda i en miljö där människor står i centrum? Där tempot är högt, energin smittande och varje arrangemang är en ny möjlighet att skapa något minnesvärt? Nu söker vi en Foajéchef som vill ta helhetsansvar för vår publika verksamhet och vara en nyckelspelare i vår ledningsgrupp. Som Foajéchef ..."
30690700,Servicemedarbetare – Reception & Servicecenter,Sodexo AB,en,False,,,,,,"Vill du vara en del av något större?  Om du vill jobba tillsammans med människor med olika bakgrunder, Om du har stora ambitioner, inte är rädd för utmaningar och vill växa samtidigt som du bidrar till vår utveckling och tillväxt. Då är du välkommen till Sodexo!Servicemedarbetare – Reception & Servi..."
30690541,Senior IAM Analyst,Avaron AB,en,False,,,,,,"About the Company Avaron AB is a growing consultancy that matches your expertise with the market's most interesting assignments, offering a platform where your professional development is central. About the Assignment We are looking for a senior professional to lead and drive integration initiatives..."
30690337,Sales Representative (German Speaking),Xensam AB,en,False,,,,,,"Xensam: Join the Future of SAM Xensam is the leader in AI-powered, cloud-based Software Asset Management. Our technology brings clarity to complex IT environments, helping users make smart, data-driven decisions and maximize software ROI. Recognized with the Highest Growth Award and ranked #3 Overal..."
30690315,Junior Sales Representative (Swedish speaking),Xensam AB,en,False,,,,,,"Xensam: Join the Future of SAM Xensam is the leader in AI-powered, cloud-based Software Asset Management. Our technology brings clarity to complex IT environments, helping users make smart, data-driven decisions and maximize software ROI. Recognized with the Highest Growth Award and ranked #3 Overal..."
30690208,IT Workplace Engineer to Brocc,Bravura Sverige AB,en,False,,,,,,"Are you passionate about automation, modern workplace technologies and creating seamless user experiences? Brocc is searching for an IT Workplace Engineer who wants to shape their future workplace, drive automation, and support a growing fintech organization on an exciting journey. About the job Thi..."
30690163,Recruitment Coordinator till Academic Work,Academic Work Sweden AB,en,False,,,,,,"Vill du vara motorn som får allt att snurra? Här blir du den centrala pusselbiten som samordnar teamet, skapar nya kontakter och ser till att vi når våra mål i en fartfylld miljö. Om tjänsten Som Recruitment Coordinator stöttar och samordnar du rekryteringsuppdrag genom hela rekryteringsprocessen i ..."
30690177,Lead & Customer Success - Solceller & Batterier,Missions AB,en,False,,,,,,"Nu söker vi en Lead & Customer Success Specialist till ett bolag inom batterilagring och energiteknik. Du arbetar med att följa upp leads som tidigare visat intresse för batterier men inte gått vidare. Kunderna har redan solceller - behovet finns, och din uppgift är att hitta rätt tajming och skapa ..."
30689991,Regional Manager hos Twilfit by CHANGE Lingerie - Stockholm,Retail Knowledge Sweden AB,en,False,,,,,,"Vi drivs av engagemang, gemenskap och viljan att vinna - tillsammans. Vi vet att en mångfald av erfarenheter, perspektiv och personligheter är avgörande för vår kultur och vår framgång. Nu söker vi en affärsdriven retailledare som kan ta fullt affärsansvar för vår butiksportfölj i Stockholmsregionen..."
30689752,"Weekend nanny, 1 & 3 year old children, Östermalm",Nanndis AB,en,False,,,,,,Ref. 4290Ö A busy English speaking family with two children of 1.5 years old and 4 years old are looking for a long term weekend nanny. The nanny can be Swedish or English Speaking but needs to have a very high level of English to be able to easily communicate with the parents without misunderstandi...
30689814,Business Analyst,Soros Consulting AB,en,False,,,,,,"Placering: Stockholm (Solna)   Vi söker nu en Business Analyst med energi, nyfikenhet och en stark grund inom kravhantering och IT. Rollen passar dig som trivs i gränslandet mellan verksamhet och teknik – och som har erfarenhet från exempelvis Supply Chain, logistik, affärssystem eller verksamhetsfö..."
30689461,Software Manager,Randstad AB,en,False,,,,,,"Job description Are you a senior leader in software engineering ready to manage high-integrity development for the rail industry?   Randstad is currently seeking a driven and experienced Software Manager for an exciting consulting assignment in Stockholm on behalf of our client, Alstom. Alstom is a ..."
30689344,Säkerhetsskyddshandläggare informationssäkerhet,Försvarets Materielverk,sv,True,,,,,,"Vi söker nu en säkerhetskyddshandläggare med inriktning på informationssäkerhet som vill vara med och driva och utveckla vårt arbete inom säkerhetsskydd på myndigheten. Har du arbetat med informationssäkerhet i en större organisation? Är du initiativtagande, strategisk och har en hög samarbetsförmåg..."
30689089,Technical Product Manager,Academic Work Sweden AB,en,False,,,,,,"Vår klient, en framstående aktör inom underhållningsbranschen, söker en driven Technical Product Manager. Här får du möjlighet att arbeta i en dynamisk, entreprenöriell miljö med stor påverkan, där eget initiativ och hands-on arbete värderas högt. Om tjänsten I denna breda och varierade roll kommer ..."
30688954,Material and modelling engineer,Impetusafea AB,en,False,,,,,,"JOB VACANCY: MATERIALS & MODELLING ENGINEER Company Overview Impetus (IMPETUS Afea) is a leading expert company in computational mechanics, best known for developing the Impetus Solver — a high-precision, GPU-accelerated platform for simulating extreme mechanical events. Our technology is used in ap..."
30688890,Data Modelling and Sparx specialist,Quest Consulting Sverige AB,en,False,,,,,,Uppdragsbeskrivning Kunden har under många år hanterat sitt arkitekturella strukturkapital i verktyget Sparx EA. De är nu inne i en fas där vi dels kommer att strukturera om deras metamodell och dels kommer att modellera flera typer som är helt eller delvis nya i metamodellen. Uppdraget består i att...
30688744,Insights Consultant till Lynxeye,Academic Work Sweden AB,en,False,,,,,,"Det här är en roll för dig med stark analytisk förmåga och ett tydligt driv att skapa värde genom datadrivna insikter. Genom att arbeta med både kvantitativ och kvalitativ data ger du strategisk vägledning som stöttar utvecklingen av kunders varumärken. Tjänsten utgår från kontoret i Stockholm, samt..."
30688607,Shop Manager - Farsta Centrum,Rituals Cosmetics Sweden AB,en,False,,,,,,"Om rollen Som Rituals nya butikschef ansvarar du för butikens kundupplevelse och försäljningsmål. Detta innebär bland annat att du: Har ett nära samarbete med Area Manager för att driva butikens försäljning, uppsatta KPI:er och framgång i din butik. Månadsvis utveckla planer baserade på produktivite..."
30688575,Handläggare Verksamhetssäkerhet,Försvarsmakten,sv,True,,,,,,"Vill du vara med och skapa en trygg, hållbar och lagstyrd verksamhet? Försvarsmaktens telekommunikations- och informationssystemförband (FMTIS), rekryterar nu en handläggare inom verksamhetssäkerhet till verksamhetssäkerhetsavdelningen med placering i Stockholm  Om  Verksamhetssäkerhet Verksamhetssä..."
30688542,Business Controller - Commercial Development & Growth,H & M Hennes & Mauritz Gbc AB,en,False,,,,,,"WHO WE ARE   Commercial Development & Growth is a global function within the H&M brand and our mission is to set and deliver on the global customer experience strategy to strengthen our brand and enable profitable sales. Together we develop, expand and optimize all sales channels while securing cond..."
30688536,Third Line Tech till växande Norteam,Academic Work Sweden AB,en,False,,,,,,"Är du den tekniska slutstationen som älskar att knäcka de allra mest komplexa nötterna? Som Third Line Tech hos snabbväxande Norteam i Bromma får du ta ansvar för Microsofts ekosystem, avancerad felsökning och att agera mentor i en kultur där ""IT can be more"". Låter rollen som något för dig? Ta chan..."
30688565,Senior CloudOps Engineer till växande Norteam,Academic Work Sweden AB,en,False,,,,,,Är du en vass och erfaren IT-tekniker som brinner för att designa och implementera moderna molnlösningar från grunden? Hos oss på Norteam får du arbeta i teknikens framkant med Microsofts hela ekosystem och bli en nyckelspelare i ett team som lever efter mottot ”IT can be more”. Om tjänsten Norteam ...
30688390,Senior Engineer -Python,Klarna Bank AB,en,False,,,,,,"What you’ll do Build and maintain Python and SQL based systems for data pipelines, analyses, monitoring, and automated alerting Evolve Klarna's abilities to measure and monitor its business critical metrics from an AI-driven perspective Own projects end-to-end in time-boxed phases: scoping (1-2 week..."
30688331,Sales Engineer (German/English speaking),Hive Streaming AB,en,False,,,,,,"At Hive Streaming, we enable the world’s largest enterprises to use live video as a strategic tool for communication, alignment, and impact. Trusted by more than 130 global customers, Hive combines market-leading video distribution technology with unique communication analytics, helping organization..."
30688178,"Specialist inom brand, risk och tunnelsäkerhet",Trafikverket,sv,True,,,,,,"Vill du arbeta som specialist inom brand, risk och säkerhet för undermarksanläggningar och infrastruktur hos en av Sveriges bästa arbetsgivare? Trafikverket har flera olika projekt i ett spännande skede där vi nu behöver förstärka organisationen med fler specialister. Vi söker dig som idag kanske ar..."
30688134,Trafiksäkerhetschef,Försvarsmakten,de,True,,,,,,"Vill du stärka trafiksäkerheten inom Försvarsmakten?  Som Trafiksäkerhetschef får du en strategisk och operativ nyckelroll i att leda, utveckla och följa upp trafiksäkerhetsarbetet. Du ansvarar för att ta fram och förvalta styrande dokument och utbildningsplaner, stödja chefer och förband, samverka ..."
30687975,Workforce Coordinator till Cirkus Venues,Cirkus Venues AB,en,False,,,,,,"Med verksamheter under stark utveckling är Cirkus Venues idag en av Stockholms största spelare inom besöksnäringen. I Cirkus Venues ingår ett flertal etablerade varumärken och mötesplatser som tillsammans skapar en destination - Cirkus Arena & Restaurang, Hotell Hasselbacken, Backstage Hotel Stockho..."
30687895,Planerare Addici Security & Technology,Addici Security AB,en,False,,,,,,Vi söker dig som uppskattar ordning och reda. Som en del av vårt centrala planeringsteam bidrar du till att planera ut vår medarbetare på scheman. Planeringen sker både på akuta vakanser med kort varsel och på längre sikt inför nästa månad och kvartal.  Arbetet sker inom vår avdelning Verksamhetsstö...
30687866,Junior analytiker inom Cyberhot,Försvarets Radioanstalt,en,False,,,,,,"På FRA arbetar vi med något som ingen annan gör i Sverige, och det kan du bli en del av. Oavsett yrkesroll är vi med och gör samhällsnytta genom att bidra till ett meningsfullt syfte — tillsammans arbetar vi med unika uppgifter för Sveriges säkerhet och integritet.  Vi erbjuder intressanta arbetsupp..."
30687600,Floor host/Receptionist,Iss Facility Services AB,en,False,,,,,,"ISS är ett av världens största tjänsteföretag och i år firar vi 80 år i Sverige! Med över 6500 medarbetare i landet, från norr till söder, levererar vi service som gör skillnad. Vi erbjuder våra kunder allt från städning till teknisk service, mat- och arbetsplatstjänster. Vi skapar arbetsplatser där..."
30687569,Junior M&A Manager  Business Area Machining,SANDVIK AB,en,False,,,,,,"Sandvik Group has completed 50 acquisitions since 2020 and continues to grow through a strong, disciplined M&A strategy. To support our expanding pipeline, we’re now looking for a Junior M&A Manager to join an experienced global team within our Machining business area. Some words about us Business A..."
30687442,Aftermarket Business Manager - Northern Europe,Epiroc Rock Drills AB,en,False,,,,,,"Epiroc is a leading productivity partner for the mining, infrastructure and natural resources industries. With cutting-edge technology, Epiroc develops and produces innovative drill rigs, rock excavation and construction equipment, and provides world-class service and consumables. The company was fo..."
30687452,Handläggare säkerhetstjänst Värnpliktssäkerhetssektionen,Försvarsmakten,sv,True,,,,,,Vill du göra Sverige och Försvarsmakten säkrare? På Försvarsstabens Värnpliktssäkerhetssektion kan du göra det varje dag tillsammans med kompetenta och drivande kollegor inom personalsäkerhetsområdet. I den här rollen får du möjlighet att bidra till utveckling och genomförande av säkerhetstjänst i F...
30687313,Senior Java Developer -Thermo Calc Software,Tacting AB,en,False,,,,,,"About the role Thermo-Calc Software develops advanced software used by engineers and researchers worldwide to simulate and analyse material properties. Our solutions support industries such as metals, automotive, semiconductors and research, and play an important role in developing the materials and..."
30687297,Service Technician,Quest Consulting Sverige AB,en,False,,,,,,Vi söker en Service Technician till vår kund Rollbeskrivning Tjänsten innebär främst reparation samt förebyggande underhåll av våra maskiner både på servicecentret men kan även vara ute i fält. Tjänsten innebär även support till våra kunder vid t ex. leverans av maskiner. Som del av vårt service-tea...
30687178,Lead Product Counsel,Lovable Labs Sweden AB,en,False,,,,,,"TL;DR: Lovable is building the future of software creation. We need a Lead Product Counsel who thinks like a systems engineer and understands that ""zero risk"" equals ""zero growth."" Your job is to be a support system for our product teams, navigating complex regulatory challenges by finding workable,..."
30687242,Säkerhetsspecialist - inriktning Civil beredskap,SOS Alarm Sverige AB,sv,True,,,,,,"På SOS Alarm får du en unik möjlighet att göra skillnad – varje dag, både för individ och samhälle. I en värld där trygghet inte kan tas för given, står vi alltid redo, dygnet runt, året om. Vi är en oberoende första kontakt i Sveriges trygghetskedja, den första kontakten i kritiska ögonblick, och v..."
30687234,Analytiker till Försvarsstabens Säkerhetsavdelning,Försvarsmakten,sv,True,,,,,,Försvarsstabens Säkerhetsavdelning (FST SÄK) söker en medarbetare som vill vara med och bidra till avdelningens kunskapsutveckling genom att samla in och sammanställa kvalitetssäkrad kunskap utifrån befintlig forskning och beprövad erfarenhet. Det förändrade omvärldsläget medför att vårt försvar beh...
30687211,Electronics Engineer to green tech maritime company,Academic Work Sweden AB,en,False,,,,,,Are you a meticulous and solution-oriented Electronics Design Engineer looking for your next exciting challenge? Do you want to be part of an innovative company leading the development of high-capacity energy storage systems for the maritime industry? Then this could be the opportunity for you! Our ...
30687199,Field Trainer till Sharp – Power Up (Oslo) & Elonmässan (Örebro),NRG Agency AB,en,False,,,,,,Vill du representera ett globalt teknikvarumärke och vara ansiktet utåt på två viktiga branschmässor i vår? Nu söker vi en engagerad och självgående Field Trainer för uppdrag med Sharp. Om uppdraget Vi söker en Field Trainer som kommer att arbeta för Sharp under:  Power Up-mässan i Oslo – 22–24 samt...
30686892,Product Manager - Operations,Carla AB,en,False,,,,,,"Om Carla Carla accelererar omställningen till hållbar mobilitet genom att erbjuda det enklaste, tryggaste och mest kundvänliga sättet att köpa och sälja elbilar online. På bara några år har vi blivit Sveriges näst största aktör inom begagnade elbilar, med målet att nå 2 miljarder i omsättning 2025 –..."
30686877,Senior Product Quality Engineer till Mycronic! ,Academic Work Sweden AB,en,False,,,,,,"Mycronic är ett globalt högteknologiskt företag som i över 50 år har varit med och drivit elektronikindustrin framåt. Vi fortsätter att växa och stötta kunder inom allt fler branscher och det vi gör formar teknologier som präglar framtidens samhälle, hur vi lever våra liv idag – och imorgon. Nu söke..."
30686796,Cybersäkerhetsexpert Incident Response & Threat Intelligence,Combitech AB,nl,True,,,,,,Är du en engagerad cybersäkerhetsexpert som är redo för nya utmaningar tillsammans med likasinnade? Combitech söker nu medarbetare till vår enhet Intelligence & Response i Stockholm och Linköping. Som en i teamet kommer du ingå i en enhet bestående av flertalet kunniga specialister inom utredning oc...
30686707,IT-säkerhetsexpert med erfarenhet av mjukvaruutveckling vid Must,Försvarsmakten,sv,True,,,,,,Vill du använda din erfarenhet inom mjukvara och IT-säkerhet för att bidra till ett säkrare Sverige i en osäker värld? Då ska du söka dig till oss på avdelningen för krypto och IT-säkerhet på Must! Vi söker nu IT-säkerhetsexperter som vill arbeta med att ta fram de kryptosystem och IT-säkerhetskompo...
30686632,Säkerhetstekniker,Jobway AB,no,True,,,,,,"Är du säkerhetstekniker och ute efter nya möjligheter? Är du en driven och serviceinriktad person som ser lösningar? Då vill vi höra mer om dig, ansök idag! I tjänsten som säkerhetstekniker hos Stockholm Security kommer du arbeta med spännande och varierande arbetsuppgifter med frihet under ansvar. ..."
30686658,TF HR-chef,Future People AB,en,False,,,,,,"Vi på Future People söker en TF HR-chef till vår kund i Stockholm Som konsult hos oss får du möjlighet att ta dig an ett spännande uppdrag hos en välkänd aktör, samtidigt som du fortsätter att utvecklas inom ditt kompetensområde. Vi är måna om att du ska trivas – både i din roll och i vårt team. Hos..."
30686628,Säkerhetstekniker,Jobway AB,no,True,,,,,,Vill du bli en del av ett välmående säkerhetsföretag? Telehantering söker drivna och kundorienterade säkerhetstekniker som vill vara med på en spännande resa. Låter detta som något för dig? Tveka inte att ansöka redan idag! Att arbeta som säkerhetstekniker hos Telehanterings kunder i Stockholm inneb...
30686476,Senior IAM Security Analyst,Avaron AB,en,False,,,,,,"About the Company Avaron AB is a growing consultancy that matches your expertise with the market's most interesting assignments, offering a platform where your professional development is central. About the Assignment In this assignment, you will take a senior role in strengthening Identity and Acce..."
30686501,Java Application Support Engineer| Stockholm,Infosys Technologies (Sweden) AB,en,False,,,,,,"Role – Application Support Engineer Technology – Java, L2/L3 support, ITIL processes and ITSM tools (ServiceNow or equivalent), Monitoring & observability tools (APM, logs, alerts) Location – Stockholm, Sweden Business Unit – CMTADM Compensation – Competitive (including bonus)   Job Description Toda..."
30686420,"Application Support Engineer|Java, UI & Mobile apps| Stockholm",Infosys Technologies (Sweden) AB,en,False,,,,,,"Role – Application Support Engineer Technology – L2/L3 support-Java, UI & Mobile apps, ITIL processes and ITSM tools (ServiceNow or equivalent),  Location – Stockholm, Sweden Business Unit – CMTADM Compensation – Competitive (including bonus)   Job Description Today, the corporate landscape is dynam..."
30686443,Cloud & Platform Architect| Stockholm,Infosys Technologies (Sweden) AB,en,False,,,,,,"Role – Cloud and Platform Architect Technology – Java, SpringBoot, Kafka, Event driven arch, Amazon EC2, Amazon EKS, Kubernetes, Rancher, Container Orchestration, Scaling & HA, Java, Mobile tech (Kotlin, Swift). Location – Stockholm, Sweden Business Unit – CMTADM Compensation – Competitive (includin..."
30686426,Senior Developer| Mobile Technologies| Stockholm,Infosys Technologies (Sweden) AB,en,False,,,,,,"Role – Senior Developer Mobile Technologies Technology – Android Studio, Kotlin, Swift, Objective C, Apple Developer Enterprise  Location – Stockholm, Sweden Business Unit – CMTADM Compensation – Competitive (including bonus)   Job Description Today, the corporate landscape is dynamic and the world ..."
30686288,Innovative Electronics Engineer for Fast Growing Tech Startup,Framtiden i Sverige AB,en,False,,,,,,"Do you want to join a workplace where innovation thrives, ideas grow quickly and your technical expertise directly shapes the products of tomorrow? This is your opportunity to step into a European high tech startup that develops cutting edge communication solutions and pushes the boundaries of elect..."
30686258,Lead Application Support Engineer| .Net| Stockholm,Infosys Technologies (Sweden) AB,en,False,,,,,,"Role – Lead Application Support Engineer Technology – .NET based apps, L2/L3 support, ITIL processes and ITSM tools (ServiceNow or equivalent), Handling 24x7 operations, critical incidents, Monitoring & observability tools (APM, logs, alerts) Location – Stockholm, Sweden Business Unit – CMTADM Compe..."
30686215,"Application Support Engineer| BMC Remedy| Stockholm, Sweden",Infosys Technologies (Sweden) AB,en,False,,,,,,"Role – Application Support Engineer Technology – BMC remedy, L2/L3 support, ITIL processes and ITSM tools (ServiceNow or equivalent), Monitoring & observability tools (APM, logs, alerts) Location – Stockholm, Sweden Business Unit – CMTADM Compensation – Competitive (including bonus)   Job Descriptio..."
30685952,Senior IT Developer,"Nordea Bank Abp, Filial i Sverige",en,False,,,,,,"Job ID: 3551   Welcome to Group Technology, where we pride ourselves on engineering solutions and direct Nordea’s transformation by providing a holistic technological view and structured understanding of the bank, and its surrounding environment to enable the Customer Vision and the Business Strateg..."
30685776,Manager Controlling Sales & Retail till St1,Experis AB,en,False,,,,,,"Som Manager Controlling för Sales & Retail kliver du rakt in i hjärtat av St1:s mest dynamiska och kundnära affär. Här får du en nyckelroll i en nordisk verksamhet som växer, förändras och driver energiomställningen framåt. Du blir den seniora performance‑partnern i ledningsgruppen - den som omvandl..."
30685669,Software Backend Developer,Resurs Bank AB,en,False,,,,,,"Do you have a passion for backend brilliance? Great! We're on the lookout for a Backend Developer to join our Payment Platform Team, where we are building the roads and rails for a seamless integration between the Nordic payment infrastructure and our Core. Sound like your kind of adventure? We have..."
30685379,Administratör till STMicroelectronics,Skill Kompetenspartner AB,en,False,,,,,,"Om företaget På STMicroelectronics drivs innovation med teknik som skapar positiva effekter för människor, företag och samhälle. Som globalt halvledarföretag ligger våra avancerade teknologier och kretsar till grund för mycket av den värld vi lever i – ofta osynliga, men oumbärliga. Här blir du del ..."
30685177,AI Product & Visual Design Specialist,Sudio AB,en,False,,,,,,"ABOUT SUDIO At Sudio, we are building a global audio brand with the ambition to rank among the top five earphone brands worldwide within the next three years. We are scaling rapidly, expanding into new markets while continuously elevating our product experience and brand presence. Our Design Departm..."
30685163,Product Development Specialist,Sudio AB,en,False,,,,,,"ABOUT SUDIO At Sudio, we are committed to redefining the earphone industry, with an ambitious goal to rank among the top five brands worldwide within the next three years. Despite the challenge, we are well on our way, expanding into over 20 new markets in just two years. Recognized as one of Northe..."
30683742,Category Analyst till Celsius,Randstad AB,en,False,,,,,,"Arbetsbeskrivning Vill du sätta din prägel på en av marknadens mest expansiva kategorier? Vi söker en analytisk stjärna som navigerar i stora datamängder för att hitta nästa stora tillväxtmöjlighet. Som Category Analyst hos Celsius är du bryggan mellan insikt och handling. Du älskar data, men drivs ..."
30685026,Säkerhetssamordnare till VR Sverige,VR Sverige AB,sv,True,,,,,,Vill du bidra till att skapa tryggare och säkrare miljö i en samhällsviktig verksamhet?  På VR Sverige sätter vi säkerhet och trygghet i främsta rummet – för både våra resenärer och vår personal. Nu söker vi en Säkerhetssamordnare som vill vara med och säkerställa att våra fysiska säkerhetsnivåer är...
30684967,Apputvecklare med säkerhetsinriktning,Viraliv AB,sv,True,,,,,,Bakgrund och uppdragets art För kunds räkning så söker en kvalificerad konsult med fokus på utveckling av mobila applikationer där säkerhet är en central del av lösningen. Uppdraget avser arbete med framtagandet av Sveriges digitala identitetsplånbok – en samhällskritisk lösning med höga krav på säk...
30684740,Head of Growth  E-Commerce till Länna Möbler,Needo Recruitment Sthlm AB,en,False,,,,,,"Head of Growth & E-commerce  Vill du spela en ledande roll i att vidareutveckla och accelerera tillväxten hos marknadsledaren inom premiumsegmentet för skandinavisk design? Är du en digital native med gedigen erfarenhet av datadriven marknadsföring, digital annonsering och e-handel? Då är det här ro..."
30684660,Head of Assortment  Design Till Länna Möbler,Needo Recruitment Sthlm AB,en,False,,,,,,"Head of Assortment & Design Brinner du för design, form och starka varumärken? Har du ett kommersiellt driv och ett öga som direkt ser vad som är “rätt” för ett premiumvarumärke? Vill du kombinera strategiskt sortimentsansvar med ledningsgruppsarbete? Då kan rollen som Head of Assortment & Design va..."
30684637,TEAM LEADER SÖKES,Långholmen Kajak AB,en,False,,,,,,"Är du en ledare som vill ha ett sommarjobb där du får vara utomhus, träffa trevliga människor och spendera dagarna med att serva folk som ska paddla kajak? Då har Långholmen kajak sommarjobbet för dig! Vi söker nu en team leader som vill ta sig an ett riktigt fysiskt sommarjobb i en av Stockholms va..."
30684471,Topo Athletic - Säljare/Key Account Manager,Infinity Human Resources Sweden AB,en,False,,,,,,". Sportmarket grundades 1988 i Hudiksvall av Göran Nilsson, Örjan Olsson och Håkan Barret. Kombi var ett av de första varumärkena som Sportmarket började distribuera och som man fortfarande gör idag. Därefter har många starka märken tillkommit som Fischer, Start, TOPO, Outdoor Research, Kamik, X-Bio..."
30684346,Project Procurement Manager,Poolia AB,en,False,,,,,,"Are you an experienced and business-driven Project Procurement Manager looking for your next challenge in a high-tech, global environment? We are now looking for a consultant for an exciting assignment at Saab in Solna, starting in April. You will be employed by Poolia and work on-site at one of Swe..."
30684192,Python Backend Engineer,Quartr AB,en,False,,,,,,"Quartr is a software company serving the world of finance. Every day, leading companies and financial institutions worldwide use our products to research faster and understand deeper. For too long, markets have been obsessed with numbers. Everyone has access to the same quantitative data, while qual..."
30684179,Financial controller till We Effect i Stockholm,Andara Group AB,en,False,,,,,,Vi söker en erfaren och rutinerad Financial Controller till biståndsorganisation We Effect i Stockholm. I denna tjänst blir du en viktig del av det globala finans- och compliance-teamet på We Effect. Anställningen är en tillsvidareanställning med sex månaders provanställning. We Effect är en bistånd...
30684142,Sales team lead / Account Manager Stockholm till SICK,Wise Group AB,en,False,,,,,,Vill du kombinera operativt ledarskap med eget kundansvar och försäljning – i ett snabbrörligt bolag med marknadsledande teknik inom industriell automation – Läs vidare!   Om SICK SICK är en av världens ledande leverantörer av sensorer för industrin. Företaget grundades år 1946 av Erwin Sick och har...
30684125,DevOps Engineer till Ida Infront,Skill Kompetenspartner AB,en,False,,,,,,"Vill du arbeta med samhällsviktiga lösningar och samtidigt vara med och effektivisera hur de levereras till kund? Nu söker vi en DevOps Engineer till Ida Infronts affärsområde Case Solutions. I den här rollen får du en central funktion där du blir länken mellan utveckling, plattform och kund. Då rol..."
30683975,Project Procurement Manager,Jobbusters AB,en,False,,,,,,Din nya roll Vill du arbeta i teknikens framkant och bidra till utvecklingen av avancerade system som stärker samhällssäkerhet och försvarsförmåga? Nu söker vi en erfaren och affärsdriven Project Procurement Manager till vår kund – en global och högteknologisk koncern där inköp är en strategiskt avg...
30683922,Swedbank is seeking a junior linux application specialist!,Academic Work Sweden AB,en,False,,,,,,"Are you ready to shape the future of financial risk systems? We’re looking for a curious and driven Application Specialist to join us on Swedbank's journey to enhance and maintain Swedbank’s Financial Risk solutions. This is your opportunity to work at the intersection of technology and finance, in ..."
30683429,Finance Manager & Controller,Myright - Empowers People With Disabilities,en,False,,,,,,Finance Manager & Controller Vill du använda din kompetens för att göra verklig skillnad? MyRights uppdrag är viktigare och mer aktuellt än någonsin. Personer med funktionsnedsättning runt om i världen tillhör de allra fattigaste och utsätts för omfattande diskriminering. Trots det går mindre än en ...
30683496,Technical Project Manager,Professional Galaxy AB,en,False,,,,,,"Professional Galaxy is an IT and technology consulting company that provides highly specialized expertise within IT, software development, SAP, purchasing, electronics and mechanical design. We collaborate with experienced senior experts and deliver strategic value-creating expertise to some of Swed..."
30683349,"Retail Marketing Coordinator - Twilfit by Change, Stockholm",Retail Knowledge Sweden AB,en,False,,,,,,"Retail Marketing Coordinator  För dig som kan retail på riktigt  Vill du arbeta nära affären, nära butiken och nära resultatet – varje dag?  Hos oss på Twilfit by CHANGE Lingerie söker vi en erfaren och affärsdriven Retail Marketing Coordinator som vill ta ansvar för hur vårt varumärke upplevs i fys..."
30683338,IT-specialist inom lagring,Kungliga Biblioteket,en,False,,,,,,"Om du går och klurar på hur digital lagring av handskrifter från 1500-talet, böcker från sekelskiftet och AI-genererade spel går till - tillsammans med i runda slängar 1,6 miljarder andra filer - då borde du söka jobbet som specialist inom lagring hos oss på KB!  Kungliga biblioteket (KB) samlar in,..."
30683327,Account Manager till Litium,Academic Work Sweden AB,en,False,,,,,,"Litium är en ledande e-handelsplattform som skapar tillväxt via innovativa SaaS-lösningar. Har du erfarenhet av uppsökande försäljning och vill utvecklas i ett expansivt bolag med stort ansvar, frihet och spännande kunder? Välkommen med din ansökan! Om tjänsten Litium är en molnbaserad e-handelsplat..."
30683308,Accounting Manager till Neonode,A Hub AB,en,False,,,,,,"Är du redo att ta nästa steg i din karriär? Neonode söker nu en innovativ och driven Accounting Manager (Redovisningschef) som vill leda teamet och utveckla redovisningsfunktionen.  Om bolaget & rollen Neonode är ett svenskt deep tech-företag som utvecklar avancerad teknik för optisk sensing, dators..."
30683119,Circus Setup Technician,BEREDSKAPSLYFTET IDEELL FÖREN,en,False,,,,,,"This vacancy is part of the upcoming Rekryteringsmässa taking place on March 19. If your profile matches the requirements, you may be invited to an interview at the Rekryteringsmässa on March 19. Please note that only invited candidates will be able to attend the event.  Connecting Jobs, run by the ..."
30683135,Enhetschef fastighetsinformation,Statens Fastighetsverk,en,False,,,,,,"Det är på regeringens uppdrag som Statens fastighetsverk (SFV) förvaltar vårt gemensamma natur- och kulturarv. Vi förvaltar en mångfald av statligt ägda fastigheter – däribland regeringsbyggnader, domstolar, slott och kungsgårdar, teatrar, museer, ambassader samt en sjundedel av landets yta beståend..."
30683114,Service & Maintenance Mechanic (Electric Vehicles),BEREDSKAPSLYFTET IDEELL FÖREN,en,False,,,,,,"Connecting Jobs, run by the non-profit organisation Beredskapslyftet, helps newcomers enter the Swedish job market while giving companies access to new talent. We are looking for Service & Maintenance Mechanic (Electric Vehicles) for GoCimo - growing company within sustainable urban mobility, offeri..."
30612463,Social Media and Community Manager,Hazelight Games AB,en,False,,,,,,"Hazelight is looking for a Social Media and Community Manager who can shape and grow our online presence across platforms. This is a solo role and the first dedicated position of its kind at the studio. You will work closely with partners across the studio, marketing and brand in shaping our social ..."
30682563,Senior Web Developer,Rebtel Networks AB,en,False,,,,,,"What will you do? As a Senior Web Developer at Rebtel, you will join the team replacing our old legacy system with a new one using Next.js, Typescript, GraphQL, React Testing Library, and Cypress. We’re looking for someone who can help us make the most of these technologies to build a sustainable an..."
30682605,SEO Projektledare – Digital Growth & Brand Visibility,Talent & Partner AB,en,False,,,,,,Varför företagsnamnet är konfidentiellt Denna tjänst är en del av en konfidentiell search och headhunt för ett ledande företag inom branschen. På grund av den strategiska betydelsen av denna rekrytering har företaget valt att hålla sin identitet dold i detta skede. Mer information om organisationen ...
30682548,It-säkerhetsspecialist,Åklagarmyndigheten,sv,True,,,,,,"Enheten för it-drift, it-infrastruktur och it-säkerhet söker flera erfarna it-säkerhetsspecialister för ett kreativt, utvecklande och utmanade arbete på Åklagarmyndighetens it-avdelning. Vi söker dig som gillar att tänka utanför ramarna, är självgående och stöttar myndigheten att bli både säkrare oc..."
30682464,Servicepersonal till The Holly Bush Pub/Bar,Telge Restauranger AB,en,False,,,,,,Vi på The Holly Bush söker nu en engagerad och serviceinriktad person till vårt team. Brinner du för att ge gästerna en förstklassig upplevelse och trivs i en pub/barmiljö med högt tempo? Då kan du vara den vi söker!   Vi söker dig som: Har tidigare erfarenhet av servering Har tidigare grundläggande...
30682399,Project Procurement Manager,Avaron AB,en,False,,,,,,Om företaget Avaron AB är ett växande konsultbolag som matchar din spetskompetens med marknadens mest intressanta uppdrag och erbjuder en plattform där din utveckling står i centrum. Om uppdraget Vi söker en erfaren och affärsdriven Project Procurement Manager med intresse för storskaliga och komple...
30682311,Senior AI and Data Governance Specialist,Avaron AB,en,False,,,,,,"About the Company Avaron AB is a growing consultancy that matches your expertise with the market's most interesting assignments, offering a platform where your professional development is central. About the Assignment You will support a data and AI governance team in an international industrial envi..."
30682280,Specialist tunnelsäkerhet med brandinriktning,Centio Consulting Group AB,sv,True,,,,,,"Vi söker specialist tunnelsäkerhet med brandinriktning till Trafikverket. Detta är ett konsultuppdrag.  Tjänsten är på heltid. Stationeringsort för resurskonsult är Stockholm, Göteborg eller Umeå. Uppdraget innebär ett nära samarbete med kunden vilket ställer stora krav på flexibilitet och samarbets..."
30682234,Senior Product Manager – Working Capital Solutions,Resurs Bank AB,en,False,,,,,,"Are you passionate about transforming how SMEs access working capital? Join us and redefine working capital solutions for the next generation of small to medium-sized businesses. One product in this space is Factoring, a critical growth engine for our SME offering and we have high ambitions. We are ..."
30682143,Product Engineer to Gazella ,Bravura Sverige AB,en,False,,,,,,"Do you want to help shape the future of recruitment? As a Product Engineer at Gazella, you’ll build cutting-edge AI systems that become the core of how modern companies hire. Working in a small, senior team, you’ll own the entire journey - from the first spark of an idea to a live, scalable solution..."
30682127,Account Manager   Profilreklam,Pins Factory AB,en,False,,,,,,"Vi söker en Account Manager med erfarenhet från profilbranschen som vill kombinera egen försäljning med inköp och backoffice. Det här är inte en traditionell säljtjänst – du ansvarar för hela kedjan: kund, affär, inköp och leverans.    Om rollen  Hos oss driver du dina egna affärer – från första kun..."
30682040,Lead & Customer Success Specialist – Batterilösningar,Missions AB,en,False,,,,,,"Vill du arbeta i en affärsnära roll där du har daglig kontakt med kunder, arbetar med framtidens energiteknik och är en viktig del av försäljningskedjan?  Nu söker vi en Lead & Customer Success Specialist till ett bolag inom batterilagring och energiteknik. Du arbetar med att följa upp leads som tid..."
30681735,Account Manager ,Recruitive AB,en,False,,,,,,"🚀 Account Manager inom Digital Marknadsföring För dig som vill sälja, vinna och växa – på riktigt Är du målmedveten, tävlingsinriktad och redo att ta nästa steg i din säljkarriär? Vill du arbeta i ett snabbt växande bolag där prestation belönas, utveckling är en självklarhet och där du har full kont..."
30681708,Dataskyddsspecialist till Quest Consulting,Quest Consulting Sverige AB,en,False,,,,,,Uppdragsbeskrivning Rollen ingår i gruppen Informationssäkerhet och Dataskydd som består av cirka 9 medarbetare och leds av en gruppchef. Gruppen är en del av sektionen Strategi & Styrning som omfattar cirka 50 medarbetare. En separat grupp ansvarar för IT-säkerhet och båda ingår i sektionen Strateg...
30681420,Technical Sales Engineer – Norway,Talent & Partner AB,en,False,,,,,,"´ About Dewesoft Dewesoft is a leading provider of test and measurement solutions across all industries. We offer versatile, easy-to-use equipment and data acquisition solutions suitable for research and development, quality control, monitoring, and production processes. Our solutions enable accurat..."
30681414,Sales & SEO Growth Manager,Talent & Partner AB,en,False,,,,,,Talent & Partner AB är ett rekryteringsföretag som representerar högintressanta arbetsplatser som attraherar högpresterande individer. Vi söker dig som vill inleda eller vidareutveckla din karriär med oss och våra kunder. Just nu söker vi för vår kunds räkning en Sales & SEO Growth Manager  Concept ...
30681147,Senior Quality Assurance Lead (SAP S/4HANA Program),Avaron AB,en,False,,,,,,"About the Company Avaron AB is a growing consultancy that matches your expertise with the market's most interesting assignments, offering a platform where your professional development is central. About the Assignment We are looking for a senior Quality Assurance Lead to shape and own the quality as..."
30681022,Product Designer (UX/UI) to Global Fashion Leader,MultiMind Holding AB,en,False,,,,,,"Product Designer (UX/UI) to Global Fashion Leader We are currently looking for a Product Designer (UX/UI) for an exciting consultancy opportunity within digital product development. This is a full-time assignment (100%) starting April 1st, 2026 and running until November 25th, 2026. The role is base..."
30680870,Senior Software Engineer,Acast AB (publ),en,False,,,,,,"About Acast Since 2014, Acast has been building the world’s most valuable podcast marketplace, creating the technology that connects podcast creators, advertisers, and listeners. Its marketplace spans more than 140,000 podcasts, 3,300 advertisers, and one billion quarterly listens. Crucially, those ..."
30680743,Senior Application Expert - Anaplan,H & M Hennes & Mauritz Gbc AB,en,False,,,,,,"Job Description   As a Senior Application Expert, you will work in a team that delivers high-quality Anaplan solutions for financial forecasting. You'll need a strong IT and tech engineering background, expertise in model building, data integration, and familiarity with finance/controlling.   WHAT Y..."
30680730,iOS Developer to leading search engine company,MultiMind Holding AB,en,False,,,,,,"Join us as an iOS Developer on a consultancy project with a world-leading search engine company. This role starts immediately and runs until 17th August 2026. As a Software Engineer, you make larger, mostly independent, technical contributions. You deliver on end-to-end tasks towards a larger goal w..."
30680559,Key Account Coordinator,H & M Hennes & Mauritz Gbc AB,en,False,,,,,,"Job Description   As an organized problem solver with a passion for structure and coordination, you will play a key role in supporting Weekday’s wholesale business. In this fast-moving environment, you help create a smooth partnership experience by keeping processes on track and ensuring clarity in ..."
30680190,Fysioterapeut till Capio ASIH,Capio Sverige AB,en,False,,,,,,"Om oss Är du fysioterapeut med ett brinnande intresse för avancerad hemsjukvård och palliativ vård? Vår verksamhet växer och vi söker nu ytterligare en fysioterapeut till våra ASIH-verksamheter. Vi är verksamma inom område 5, 6, 7 och 8 vilket bland annat inkluderar Täby, Sollentuna, Västerort, Lidi..."
30680007,Software Engineer to a global tech giant,Adecco Sweden AB,en,False,,,,,,"Our client is a global Tech Giant at the forefront of digital innovation, data, and technology. You will join a high-performing, creative, and fast-paced environment where innovation, collaboration, and continuous learning are core values. The company operates worldwide and drives cutting-edge marke..."
30679943,Gameplay Developer / Unreal Engine Developer,Recommended by AB,en,False,,,,,,"About the job What if you could combine AAA game technology, cloud infrastructure, AI-generated characters and live multiplayer systems — and ship continuously instead of waiting for major releases? At Avanti, we merge two worlds: Advanced game development and regulated iGaming infrastructure. We re..."
30679899,Produktchef till B. Braun Medical AB,Bravura Sverige AB,en,False,,,,,,"Har du erfarenhet av försäljning eller sjukvård och vill ta nästa steg i en nyckelroll? Som produktchef på B. Braun Medical ansvarar du för nationella projekt, upphandlingar och utveckling av företagets största affärsområde Fluids & IV Systems. Om tjänsten Den här tjänsten är en direktrekrytering vi..."
30679552,QA Professional,Comstream AB,en,False,,,,,,"Our client is transforming the way companies use video for B2B communication. Video has long been a powerful tool, but creating and distributing it at scale has traditionally been too complex and costly. This company is changing that — offering plug-and-play video creation and distribution tools, in..."
30679423,Head of Tax & Customs to Envirotainer,360 Rekrytering & Interim AB,en,False,,,,,,Envirotainer transports life-saving pharmaceuticals around the world with innovative temperature-controlled solutions. We are looking for a Head of Tax & Customs to a new position driven by business growth and increased complexity. In this role you will lead a group of two people and have direct rep...
30679023,"Cybersäkerhetsspecialist   GRC, risk och revision",Soros Consulting AB,sv,True,,,,,,"Vi söker nu en mycket senior Cybersäkerhetsspecialist (nivå 5) till ett kvalificerat uppdrag i en samhällsviktig verksamhet. Rollen motsvarar normalt minst 10 års relevant erfarenhet inom it- och informationssäkerhet, med tyngdpunkt på styrning, risk och regelefterlevnad. Detta är ett strategiskt oc..."
30678195,IT Business Controller till Coor,Wise Group AB,en,False,,,,,,"Vill du kombinera affärsnära IT‑controlling med möjligheten att bygga struktur, skapa transparens och på sikt forma en mer renodlad controllerroll? Nu söker Coor en IT Business Controller till en central och synlig roll i organisationen. Om rollen Som IT Business Controller på Coor arbetar du nära I..."
30678096,Sales Executive (Swedish Market),Medla Sverige AB,en,False,,,,,,Do you want to be part of a growth adventure at one of the fastest growing software start-ups in retail?  Are you crazy passionate about meeting new people and helping customers achieve their goals? Do you not think about sales as sales but as meaningful relationships instead? And are you excited to...
30677847,Receptionister MEWS & Hotsoft,Energy Staffing & Advisement Sweden AB,en,False,,,,,,Är du en receptionist och har använt följande program: MEWS eller Hotsoft?    Vi erbjuder extra arbete centralt i stockholm.    Vi ser gärna att du är en aktiv person som kan ha flera bollar uppe i luften och kan hantera stress. Du tycker om människor och tycker om att hålla dig aktiv på arbetet.   ...
30677536,IT-specialist för säkerhetsskyddsklassat IT-system (Windows/Nätverk/Backend,Avaron AB,sv,True,,,,,,Om företaget Avaron AB är ett växande konsultbolag som matchar din spetskompetens med marknadens mest intressanta uppdrag och erbjuder en plattform där din utveckling står i centrum. Om uppdraget Vi söker IT-specialister till ett projekt inom el- och kraftsystem där ett nytt säkerhetsskyddsklassific...
30677459,Senior Surrounding Controller,Avaron AB,en,False,,,,,,Om företaget Avaron AB är ett växande konsultbolag som matchar din spetskompetens med marknadens mest intressanta uppdrag och erbjuder en plattform där din utveckling står i centrum. Om uppdraget Vi söker en erfaren Surrounding Controller för att stötta en kommunal byggherre i stadsbyggnads- och anl...
30677428,Assembly Technician,BEREDSKAPSLYFTET IDEELL FÖREN,en,False,,,,,,"Connecting Jobs, run by the non-profit organisation Beredskapslyftet, helps newcomers enter the Swedish job market while giving companies access to new talent. Libera is a staffing and recruitment company within logistics and production. We provide both consultant staffing solutions and direct recru..."
30677295,Fysioterapeut,Ackermann Comfort AB,en,False,,,,,,Väl etablerade Ackermann Kliniken ligger lätt tillgängligt med kommunikationer i centrala Stockholm. Kliniken är en del av Ackermann Comfort AB. Vi bedriver även utbildningar inom vår egna behandlings- och diagnos metod Strukturell osteopati och mjuk kiropraktik. Vi söker nu en manuell terapeut såso...
30677281,System Lead or Owner,Celsus Engineering AB,en,False,,,,,,"·        Previous experience in development projects, with an understanding of  detailed technical discussions ·        Experience with electrical products in vehicles ·        Knowledge of electrical interfaces ·        Experience in system and component testing ·        Functional safety backgroun..."
30677278,Software and Application development engineer and Analysts,Celsus Engineering AB,en,False,,,,,,The job's roles & responsibilities include: -Technical lead of Agile team consisting of Function Owner & Developer for brake control systems; prioritize work items in daily stand ups as well be in charge of story priorities and also the entire PI plan for the Team. Secure team delivery for the prior...
30676795,Senior Manager Service Management & AI,Sinch Sweden AB,en,False,,,,,,"ABOUT SINCH Sinch is pioneering the way the world communicates. More than 150,000 businesses — including Google, Uber, Paypal, Visa, Tinder, and many others — rely on Sinch’s Customer Communications Cloud to power engaging customer experiences through mobile messaging, voice, and email. Whether you ..."
30676731,Product Manager,Sinch Sweden AB,en,False,,,,,,"ABOUT SINCH  Sinch is pioneering the way the world communicates. More than 150,000 businesses — including Google, Uber, PayPal, Visa, Tinder, and many others — rely on Sinch’s Customer Communications Cloud to power engaging customer experiences through mobile messaging, voice, and email. Our Super N..."
30676622,Taxation/Payroll Specialist,BEREDSKAPSLYFTET IDEELL FÖREN,en,False,,,,,,"This vacancy is part of the upcoming Rekryteringsmässa taking place on March 19. If your profile matches the requirements, you may be invited to an interview at the Rekryteringsmässa on March 19. Please note that only invited candidates will be able to attend the event. Connecting Jobs, run by the n..."
30676505,Senior Frontend Developer (Angular),Avaron AB,en,False,,,,,,"Om företaget Avaron AB är ett växande konsultbolag som matchar din spetskompetens med marknadens mest intressanta uppdrag och erbjuder en plattform där din utveckling står i centrum. Om uppdraget Du blir en del av ett agilt systemutvecklingsteam med helhetsansvar för utveckling, drift och förvaltnin..."
30676279,It-säkerhetspecialister med inriktning mot EU och internationella regelverk,Försvarets Materielverk,sv,True,,,,,,"Vi fortsätter att växa och söker flera it-säkerhetsspecialister som vill vara med och driva vårt arbete med cybersäkerhet och certifiering framåt. Hos oss får du kombinera teknik, juridik och samhällsansvar i en internationell kontext och använda din kompetens till att bidra till stärkt cybersäkerhe..."
30676253,Accounts Payable Specialist till Samsung ,Academic Work Sweden AB,en,False,,,,,,"Vill du arbeta i en roll där du får fullt processägarskap, stort eget ansvar och möjlighet att utveckla och effektivisera arbetssätt? Nu söker vi en analytisk och lösningsorienterad Accounts Payable Specialist till Samsungs nordiska huvudkontor i Kista! Om tjänsten I rollen som Accounts Payable Spec..."
30676099,DevSecOps Delivery Model Lead,Avaron AB,en,False,,,,,,Om företaget Avaron AB är ett växande konsultbolag som matchar din spetskompetens med marknadens mest intressanta uppdrag och erbjuder en plattform där din utveckling står i centrum. Om uppdraget Som en del av ett centralt team för utveckling av en ny gemensam IT-utvecklingsplattform kommer du att t...
30675960,Head Of Sales till Akono AB!,Akono AB,en,False,,,,,,"Head of Field Sales - Stockholm Akono är ett företag med stora ambitioner att växa med kvalitet som fokus. Vi har hjälpt tiotusentals svenska fastighetsägare med tjänster inom bland annat ventilation, OVK, värmepumpar, brandskydd, fuktinspektioner och andra fastighetstjänster. Vår vision är att vara..."
30675823,Ruby / Ruby on Rails Developer,Solidsport AB,en,False,,,,,,Brinner du för backendutveckling och är ivrig att göra avtryck i en dynamisk miljö? Vi letar efter en talangfull utvecklare som vill ansluta till vårt team och bidra till våra spännande projekt. Vilka är vi? Vi är ett framåttänkande företag som driver innovation inom sportstreaming och är en ledande...
30675819,Säkerhetsskyddshandläggare vid Must,Försvarsmakten,sv,True,,,,,,Vårt erbjudande  Vi erbjuder ett viktigt och stimulerande arbete där du dagligen bidrar till Sveriges säkerhet. Vi erbjuder också mycket goda möjligheter till kompetensutveckling. Hos oss finns det friskvårdsmöjligheter som inkluderar träning tre timmar i veckan på arbetstid samt möjlighet att ha ba...
30675812,Senior IT-projektledare  IT-transformation (Contract & Billing),Soros Consulting AB,en,False,,,,,,"Placering: Stockholm | Språkkrav: Svenska och engelska Vi söker nu två seniora IT-projektledare för längre konsultuppdrag inom en affärskritisk IT-transformationsmiljö i energisektorn. Uppdragen är placerade inom Customer IT och teamet Contract & Billing, som ansvarar för tekniska lösningar och förm..."
30675730,Säkerhetsprövare till Must,Försvarsmakten,sv,True,,,,,,Vill du ha ett meningsfullt arbete och bidra till ett säkrare Sverige i en osäker värld? Det förändrade omvärldsläget medför att vårt försvar behöver förstärkas och den ökade underrättelseverksamheten mot Sverige och Försvarsmakten är omfattande. Militära underrättelse- och säkerhetstjänsten (Must) ...
30675335,Marketing Automation Specialist,Ahlsell Sverige AB,en,False,,,,,,"Vill du bygga nästa generations datadrivna kundresor i ett av Nordens ledande B2B handelsföretag? Bemästrarar du strategi likväl som att sätta upp flöden, segment och tester? Då kan det vara dig vi söker till denna spännande roll!  Varmt välkommen att söka till Ahlsells marknadsavdelning!   Om rolle..."
30674927,Finance Operations & Systems Manager,Mini Rodini AB,en,False,,,,,,"Mini Rodini is looking for a Finance Operations & Systems Manager to take full ownership of our accounting operations, financial processes and finance systems.  As we continue to grow internationally, we are strengthening our finance foundation and ways of working. This role is key to building a sca..."
30674772,Senior Project Manager & Requirements Lead,Avaron AB,en,False,,,,,,"About the Company Avaron AB is a growing consultancy that matches your expertise with the market's most interesting assignments, offering a platform where your professional development is central. About the Assignment You will act as a project management co-pilot in a POS RFP and implementation prog..."
30674585,Senior QA Engineer / Test Automation Specialist,Agil arbetskraft Sverige GF AB,en,False,,,,,,"We are currently looking for a Senior QA Engineer with strong experience in test strategy, automation, and end-to-end validation across web and mobile platforms. This role combines hands-on testing with strategic quality enablement in a distributed, cross-team environment. Role Overview You will be ..."
30674535,HR-assistent till Nova Health Group,Nova Psykiatri Sverige AB,en,False,,,,,,"Om oss Nova Health Group grundades med en vision om att revolutionera psykiatrin och behandling av psykiska ohälsa. Vi strävar efter att erbjuda en modern och patientcentrerad vårdupplevelse. Vi vill erbjuda bästa Europas bästa utredning och behandling för personer med ADHD, Autism och annan psykiat..."
30674466,Servicetekniker till Axlås Säkerhetspartner- Larm & Passersystem,Bergvik & Partners AB,no,True,,,,,,"Vill du arbeta i en roll där teknik, problemlösning och kundkontakt står i centrum? Vi söker nu en erfaren och engagerad Servicetekniker inom larm och passersystem till Axlås Solidlås – ett av Sveriges mest etablerade säkerhetsföretag med över 100 års erfarenhet i branschen. Om företaget Axlås Säker..."
30674462,IT-ansvarig – Nova Health Group,Nova Psykiatri Sverige AB,en,False,,,,,,"Om oss Nova Health Group grundades med en vision om att revolutionera psykiatrin och behandling av psykiska ohälsa. Vi strävar efter att erbjuda en modern och patientcentrerad vårdupplevelse. Vi vill erbjuda bästa Europas bästa utredning och behandling för personer med ADHD, Autism och annan psykiat..."
30674272,Food Courier - Bicycle / Moped / Car in Stockholm,Foodora AB,en,False,,,,,,"Gear up for the ultimate part-time job! 🚀 Join us as a foodora Courier. Experience or no experience, we will teach all you need to know! Ready to roll? Apply now as a Rider. What we offer: Average earnings of 180kr per hour  ﻿ Enjoy the flexibility to set your own working hours – work when it suits ..."
30674234,Site Reliability Engineer,Kindred People AB,en,False,,,,,,"Site Reliability Engineer  Are you an experienced, proactive engineer who enjoys identifying opportunities for improvement and bringing new ideas to the table? Do you keep up to date with industry best practices and take pride in turning insights into practical solutions? We're looking for a Site Re..."
30674127,Head of People – Nova Health Group,Nova Psykiatri Sverige AB,en,False,,,,,,"Om oss Nova Health Group grundades med en vision om att revolutionera psykiatrin och behandling av psykiska ohälsa. Vi strävar efter att erbjuda en modern och patientcentrerad vårdupplevelse. Vi vill erbjuda bästa Europas bästa utredning och behandling för personer med ADHD, Autism och annan psykiat..."
30674174,Systemspecialist transport,REGION STOCKHOLM,en,False,,,,,,"MediCarrier är Region Stockholms bolag för logistik och transporter till hälso- och sjukvården.   Vårt uppdrag har betydelse för vardagen för nästan en fjärdedel av Sveriges befolkning. Varje dag, året runt, skapar vi förutsättningar för våra kollegor i vården att utföra sitt arbete. Genom att till ..."
30674172,Accounts Payable Specialist to Samsung,Digitalenta AB,en,False,,,,,,"To Samsung, we are currently looking for a Accounts Payable Specialist!   Why join the team?  In the Nordics they have a a sales and marketing organization with offices in Stockholm, Copenhagen, Oslo and Helsinki. You will join a team of three engaged colleagues in a dynamic work environment that ar..."
30674146,Systemspecialist Linux,Pensionsmyndigheten,en,False,,,,,,Vill du vara med och utveckla vår moderna Linux plattform? Vill du arbeta både självständigt och tillsammans med erfarna kollegor på en ambitiös och framåtsträvande arbetsplats?  Kom och gör skillnad med oss!  Om jobbet Vill du använda din Linux expertis och bidra till samhällsfunktioner som är vikt...
30674108,Accounts Payable Specialist,Posti Logistics Staffing AB,en,False,,,,,,"Arbetsuppgifter Samsung söker nu en Accounts Payable Specialist. Det här är inte en vanlig roll på en ekonomiavdelning. Det här är en nyckelposition i hjärtat av ett av världens mest innovativa techbolag, placerad på det nordiska huvudkontoret i Kista. Man jobbar i en nordisk säljorganisation med et..."
30673985,Chief of Staff to the CEO – Nova Health Group,Nova Psykiatri Sverige AB,en,False,,,,,,"About Nova Health Group Nova was founded in 2024 with a simple thesis: psychiatric care can be delivered with higher quality, better patient experience, and greater operational excellence than what exists today. In less than two years, we’ve grown to 50+ employees and a 70 MSEK annual run rate — pro..."
30673933,Junior IT Support Technician,Avaron AB,en,False,,,,,,Om företaget Avaron AB är ett växande konsultbolag som matchar din spetskompetens med marknadens mest intressanta uppdrag och erbjuder en plattform där din utveckling står i centrum. Om uppdraget Vår kund är ledande inom robust IT och tekniklösningar för krävande miljöer. I rollen som IT Support tek...
30673891,Business Case Manager,Vattenfall AB,en,False,,,,,,"Företagsbeskrivning   Business Unit (BU) Vattenfall Power Solutions är en affärsenhet på ca 700 personer inom Business Area (BA) Vattenfall Generation som utbildar personal inom svensk kärnkraft, levererar kärnbränsle till Vattenfalls kärnkraftverk, utvecklar och genomför projekt och uppdrag samt ti..."
30673745,Dietis till Capio Rehab Farsta,Capio Sverige AB,en,False,,,,,,"Capio Rehab Farsta ligger mitt i Farsta Centrum sedan 2012 och arbetar på uppdrag av Region Stockholm.  Vi är 13 kollegor bestående av fysioterapeuter, arbetsterapeuter, dietister, kiropraktor och receptionist. Fler kollegor finns en trappa ner på Capio Vårdcentral Farsta som vi har nära samarbete m..."
30673524,PhD Student in the Development of Stable Lipid Nanoparticles for Vaccines,RISE Research Institutes of Sweden AB,en,False,,,,,,"The Project The project focuses on understanding and improving the stability of lipid nanoparticles (LNPs) for use in vaccines. By investigating molecular interactions and structural properties of LNPs under various storage conditions, the aim is to develop formulations with both high performance an..."
30673058,Resande säkerhetstekniker,Safeteam i Sverige AB,sv,True,,,,,,"SÖKES:Tekniker inom larm, passersystem och CCTV till SafeTeam FINNES:En av de bästa arbetsplatserna du kan få! Simon på SafeTeam berättar: ""Vi har en väldigt trevlig stämning hos oss. Det är lätt att ringa till kollegor och vi hjälper varandra när det behövs. Och så har vi väldigt bra kunder också.""..."
30672855,System Architect till Crosskey,Barona Professionals AB,en,False,,,,,,"System Architect - Business IT 📍Mariehamn eller Stockholm Vill du vara med och forma framtidens finansiella IT-lösningar i Norden? Crosskey är ett nordiskt fintechbolag i framkant som utvecklar säkra, skalbara och affärskritiska lösningar för bank- och finanssektorn. Nu söker vi en System Architect ..."
30672811,Service assistant (extra hours),BEREDSKAPSLYFTET IDEELL FÖREN,en,False,,,,,,"This vacancy is part of the upcoming Rekryteringsmässa taking place on March 19. If your profile matches the requirements, you may be invited to an interview at the Rekryteringsmässa on March 19. Please note that only invited candidates will be able to attend the event. Connecting Jobs, run by the n..."
30672456,Medical Operations Manager,Din Psykolog Vård Sverige AB,en,False,,,,,,🌿 Medical Operations Manager till Din Psykolog Din Psykolog är en växande digital vårdmottagning med visionen att erbjuda tillgänglig och högkvalitativ psykologisk behandling som en självklar del av primärvården. Nu befinner vi oss i en fas där vår verksamhet skalas upp – och vi söker därför en Medi...
30672377,Senior Technical Lead (Contact Center Technology),Avaron AB,en,False,,,,,,"About the Company Avaron AB is a growing consultancy that matches your expertise with the market's most interesting assignments, offering a platform where your professional development is central. About the Assignment We are looking for a senior Technical Lead to drive architecture, integrations, an..."
30671125,CFO,Kraftsam Rekrytering & Bemanning AB,en,False,,,,,,"CFO sökes till växande koncern Om företaget Vi rekryterar nu en CFO till en expansiv och förvärvsintensiv koncern bestående av ett 20-tal bolag. Verksamheten präglas av entreprenörsanda, högt tempo och korta beslutsvägar. Bolaget befinner sig i en utvecklingsfas med tydlig tillväxtagenda och behov a..."
30671113,Resande säkerhetstekniker till Telehantering,Kraftsam Rekrytering & Bemanning AB,no,True,,,,,,Vill du ha ett omväxlande arbete där du får resa runt i Sverige och arbeta med teknik som gör skillnad?  Telehantering söker nu en engagerad och kvalitetsmedveten säkerhetsteknik som vill vara med och stärka vår organisation för framtidens behov. Om företaget Telehantering är en erfaren aktör inom t...
30671002,Home cleaner to Freska!,Freska Sweden AB,en,False,,,,,,Do you have experience in home cleaning and want to work within a company that gives the opportunity to grow and develop? Or are you in the beginning of your career and want to work in a company that offers high quality training and a safe employment? Apply to become one of our amazing home cleaners...
30670976,Join Freska as a Home Cleaner  Work Thursday and Friday!,Freska Sweden AB,en,False,,,,,,Join Freska as a Home Cleaner – Work only Thursday and Friday! Do you have experience in home cleaning and want to work in a company that offers opportunities to grow and develop? Or are you at the beginning of your career and looking for high-quality training and a secure job? We are now looking fo...
30670971,We're hiring home cleaners in Stockholm,Freska Sweden AB,en,False,,,,,,Do you have experience in home cleaning and want to work at a company that offers real opportunities to grow and develop? Join us at Freska as a home cleaner. Freska – More than just a cleaning company 💙 Freska is one of Europe’s fastest growing cleaning companies with one clear goal: to become the ...
30670935,Online Channel Marketing Specialist,Kraftsam Rekrytering & Bemanning AB,en,False,,,,,,"ONLINE CHANNEL MARKETING SPECIALIST – Media Solutions (TV, AV, Monitor) Är du datadriven, kreativ och har koll på digital marknadsföring? Då kan du vara vår nästa Online Channel Marketing Specialist! Om företaget HS Ad & LG Electronics HS Ad grundades 1984 och är LG Groups interna reklambyrå som han..."
30670892,Head of Delivery,Mathem i Sverige AB,en,False,,,,,,"Nu söker vi en Head of Delivery till Mathem 🛒  På Mathem levererar vi mat – och mycket mer – till tusentals hushåll och företag varje dag. Som vår nya Head of Delivery hjälper du oss att göra livet enklare, smartare och lite roligare för våra kunder. Sedan 2006, när vi lanserade Sveriges första matb..."
30670755,Release Manager,Cambio Healthcare Systems AB,en,False,,,,,,Cambio is one of the Nordics' leading suppliers in e-health with a comprehensive offering for the entire health and care chain. Our e-health solutions supports health care professionals in their daily work and offer patients safer and more easily accessible care. We are proud to be an important part...
30670498,Receptionist till Sherry Beauty,SnR Consulting AB,en,False,,,,,,"Sherry Beauty är en modern estetisk klinik i Stockholm med fokus på injektionsbehandlingar, laserhårborttagning, medicinsk hudvård samt hår-, skägg- och ögonbrynstransplantation. Vi driver även en Academy-verksamhet där vi utbildar behandlare inom estetisk medicin. Vi söker nu en engagerad och servi..."
30665289,Projektledare Fysiska Säkerhetssystem,Exelect AB,sv,True,,,,,,Projektledare - CTS Security Solutions AB Led projekt inom fysiska säkerhetssystem för Europas mest avancerade datacenter Vill du vara med och leda tekniska projekt i några av Europas mest högsäkerhetsklassade datacenter? Är du en skicklig projektledare som gillar att driva avancerade tekniska lösni...
30670470,Norwegian Speaking Customer Service Agent for a Premium car brand,Transcom AB,en,False,,,,,,"Are you interested in cars? Are you also passionate about creating great customer relationships, providing professional service, and working with a high degree of personal responsibility? Then you might be our new colleague!   At our company, we deliver world-class customer service in four different..."
30670351,Servitris till Medis Kök & Bar,Uniparsco AB,en,False,,,,,,"Är du en serviceinriktad person som älskar att arbeta i en härlig och dynamisk miljö? På Medis Kök & Bar söker vi nu fler servitriser som vill bli en del av vårt fantastiska team!   Om oss   Medis Kök & Bar är en populär restaurang i hjärtat av Södermalm, känd för vår avslappnade atmosfär och meny f..."
30670344,Informationssäkerhetsexpert,Migrationsverket,sv,True,,,,,,"Säkerhetsavdelningen är en del av huvudkontoret och har det övergripande ansvaret för säkerhet och beredskap i myndigheten.  Vid säkerhetsavdelningen arbetar experter med informationssäkerhet, fysisk säkerhet, personalsäkerhet, krisberedskap och civilt försvar, internutredning, medarbetarskydd och..."
30670217,Account Manager / Business Developer,Aura Personal AB,en,False,,,,,,"Vill du arbeta i en entreprenöriell miljö där du får kombinera försäljning, rekrytering och leverans och samtidigt vara med och påverka ett växande bolags framtid? Då kan rollen som Account Manager/Business Developer hos Aura Personal vara din nästa stora möjlighet. I den här rollen har du ett helhe..."
30670224,Senior Informationssäkerhetsspecialist,Avaron AB,en,True,,,,,,Om företaget Avaron AB är ett växande konsultbolag som matchar din spetskompetens med marknadens mest intressanta uppdrag och erbjuder en plattform där din utveckling står i centrum. Om uppdraget Vi söker en senior specialist som kan genomföra en oberoende och fördjupad säkerhetsbedömning av OpenAI/...
30670154,Account & Activation Manager,Brand Impact Sweden AB,en,False,,,,,,"Om oss Brand Impact har sedan 1988 hjälpt varumärken inom detalj- och dagligvaruhandeln att synas och öka försäljningen genom engagerande butiksaktivering, produktmöten och produktdemonstrationer. Brand Impact är del av SSI - Sales Services International med en omsättning på 16 MRD SEK och närvaro i..."
30669960,Senior Technical Artist,DiscoGarage Games AB,en,False,,,,,,"About the Role As a technical artist your prime directive will be to make sure that the team, the tools and the game, run as smoothly as possible. We want you to love improving the game’s framerate and visuals just as much as you love ensuring our artist and design workflows and pipelines have as fe..."
30669859,Senior Product Manager to Global Fashion Leader,MultiMind Holding AB,en,False,,,,,,"We are currently looking for a Senior Product Manager to an exciting consultancy opportunity within digital product development in Stockholm! This is a full-time assignment starting March 17th, 2026, running until November 30th, 2026. The role allows up to 25% remote work. About the Company: Our cli..."
30669372,High School (IGCSE) English Teacher from August 2026,The Tanto School AB,en,False,,,,,,"About Us Established in 1983, The Tanto International School is a close-knit educational community. We follow the English National Curriculum, tailored for our international students through the Cambridge Primary Pathway leading toward IGCSEs. The school is currently in an exciting phase of growth. ..."
30669670,Serveringspersonal sökes till The Crib by Retro,Rådmansgatan Bar AB,en,False,,,,,,"Serveringspersonal sökes till The Crib by Retro! The Crib är en populär sportbar och restaurang belägen på Sveavägen 55 i Stockholm. Vi erbjuder våra gäster en avslappnad miljö med amerikanskinspirerad meny, hemlagade högrevsburgare, surdegspizzor och ett brett utbud av drycker. Vi är också kända fö..."
30669543,Senior Product Manager to Global Fashion Leader,MultiMind Holding AB,en,False,,,,,,"We are currently looking for a Senior Product Manager to an exciting consultancy opportunity within digital product development in Stockholm! This is a full-time assignment starting March 17th, 2026, running until November 30th, 2026. The role allows up to 25% remote work.  About the Company: Our cl..."
30669523,Data Scientist Lead,Airmiz AB,en,False,,,,,,"Who We Are Airmee is a rapidly scaling last-mile logistics platform, backed by Bonnier Capital and other leading investors. We were founded to build the best and most sustainable delivery experience on the market. Today, we are Sweden’s largest player in home deliveries and one of the few last-mile ..."
30669449,Dispatch Manager,Airmiz AB,en,False,,,,,,"Who we are Airmee is a rapidly scaling last-mile logistics platform, backed by Bonnier Capital and other leading investors. We were founded to build the best and most sustainable delivery experience on the market. Today, we are Sweden’s largest player in home deliveries and one of the few last-mile ..."
30669435,Fleet Maintenance co-ordinator & Administrator,New Transport AB,en,False,,,,,,"Responsible for managing service records, controlling repair costs, liaising with workshops and suppliers, ensuring regulatory compliance, monitoring fleet availability, maintaining documentation, and supporting operational continuity by minimizing vehicle downtime through efficient planning, report..."
30669437,Account Executive – Norwegian-speaking,2Complete AB,en,False,,,,,,"Account Executive – Norwegian-speaking  Vil du bygge opp Norge-satsingen til en av Nordens mest ambisiøse AI-plattformer? En av Nordens raskest voksende SaaS-aktører innen AI-drevet salgs- og markedsføringsteknologi søker en erfaren, norsktalende Account Executive som vil eie salgsprosessen, møte le..."
30669390,HR and Administrative Assistant,Internationella Insamlingsstift För Mark oc,en,False,,,,,,About the Tenure Facility The Tenure Facility is the ﬁrst and only international ﬁnancial mechanism exclusively focused on securing land and forest rights for Indigenous Peoples and local communities worldwide. Recognising and upholding these rights represents one of the most impactful opportunities...
30669357,Finance Officer,Internationella Insamlingsstift För Mark oc,en,False,,,,,,About the Tenure Facility The Tenure Facility is the ﬁrst and only international ﬁnancial mechanism exclusively focused on securing land and forest rights for Indigenous Peoples and local communities worldwide. Recognizing and upholding these rights represents one of the most impactful opportunities...
30669171,AP-Specialist inom SAP S/4HANA VIM,SJR in Sweden AB,en,False,,,,,,"SJR söker nu en drivande och lösningsorienterad AP- Specialist som vill bidra till att forma framtidens finansiella processer. Detta är ett konsultuppdrag på 10 månader hos ett världsledande företag inom lastbils- och busstillverkning, med start så snart som möjligt. För rätt person finns möjlighet ..."
30669156,Senior Creative and Visual Designer,Incluso AB,en,False,,,,,,"We are currently looking for an expert Creative and Visual Designer for a global retail company in Stockholm. Start is in ASAP, 8 months limited contract to begin with, Possibility of extension after that.  Daily tasks  Lead a creative process to craft a cohesive and innovative narrative that elevat..."
30669117,Senior Vendor & Financial Operations Coordinator – SAP Programme,Sway Sourcing Sweden AB,en,False,,,,,,"Location: Stockholm or Wroclaw (Poland) Workload: 20 hours per week Remote work: 50% Assignment period: April 6, 2026 – June 30, 2026 Are you a commercially driven professional with strong vendor governance and financial control experience? We are now looking for a Senior Vendor & Financial Operatio..."
30669049,Head Chef,Nofo Hotel AB,en,False,,,,,,"NOFO Wine bar If you’re looking for that almost forbidden feeling of finding something no one else knows about, that hidden treasure of hush-hush for people in the know – welcome to NOFO Wine bar. Our sommeliers take pride in guiding you to your new go-to wine but you’re just as welcome if you’re in..."
30668990,Service technician,BEREDSKAPSLYFTET IDEELL FÖREN,en,False,,,,,,"This vacancy is part of the upcoming Rekryteringsmässa taking place on March 19. If your profile matches the requirements, you may be invited to an interview at the Rekryteringsmässa on March 19. Please note that only invited candidates will be able to attend the event. Connecting Jobs, run by the n..."
30668964,Säkerhetssamordnare inom fysisk säkerhet,Säkerhetspolisen,sv,True,,,,,,Har du erfarenhet av fysisk säkerhet och säkerhetsskyddsarbete? Motiveras du av att arbeta i en central roll där du får bygga nätverk för att uppnå gemensamma mål? Sök ett arbete där du bidrar till Sveriges säkerhet.  Tillsammans skyddar vi Sverige.    Ort: Stockholm Sista ansökningsdag: 2026-03-19 ...
30668933,Backend Developer till Synsams Digital Business-team,Synsam Group Sweden AB,en,False,,,,,,"Nu söker vi på Synsam en Backend Developer som vill vara med och vidareutveckla vår digitala plattform. Hos oss får du arbeta med skalbara och robusta lösningar som både verksamheten och våra kunder drar nytta av, samtidigt som du bidrar till att plattformen utvecklas på ett hållbart sätt. Om rollen..."
30668762,Senior QA Engineer,Gears of Leo AB,en,False,,,,,,"ABOUT THE ROLE   We are seeking a Senior QA Engineer with expertise in automation and full-stack testing to lead quality assurance in our newly formed Gaming Experience Team. This 5–10 person cross-functional team, including frontend and backend developers and Product Owners, focuses on delivering c..."
30668745,Senior Mobile Application Engineer (React Native),Gears of Leo AB,en,False,,,,,,"ABOUT THE ROLE    Join our team of skilled developers working on mobile applications for top LeoVegas brands like BetMGM, BetUK, and Expekt. With offices across Europe in Sweden, Poland, Spain, and the UK, we create high-performance and innovative solutions for both iOS and Android platforms. We’re ..."
30668600,Business Analyst to Global Fashion Leader,MultiMind Holding AB,en,False,,,,,,"We’re looking for a curious and business-driven Business Analyst to join our client’s Supply Planning Unit in an exciting consulting assignment. This is an opportunity to step into a meaningful role where analytics and sustainability meet, and we are looking to fill the position immediately. About t..."
30668572,Business Analyst to Global Fashion Leader,MultiMind Holding AB,en,False,,,,,,"We’re looking for a curious and business-driven Business Analyst to join our client’s Supply Planning Unit in an exciting consulting assignment. This is an opportunity to step into a meaningful role where analytics and sustainability meet, and we are looking to fill the position immediately.  About ..."
30668549,Business Analyst to Global Fashion Leader,MultiMind Holding AB,en,False,,,,,,"We’re looking for a curious and business-driven Business Analyst to join our client’s Supply Planning Unit in an exciting consulting assignment. This is an opportunity to step into a meaningful role where analytics and sustainability meet, and we are looking to fill the position immediately.  About ..."
30668484,Business Analyst to Global Fashion Leader,MultiMind Holding AB,en,False,,,,,,"We’re looking for a curious and business-driven Business Analyst to join our client’s Supply Planning Unit in an exciting consulting assignment. This is an opportunity to step into a meaningful role where analytics and sustainability meet, and we are looking to fill the position immediately. About t..."
30668424,Software Developer,Professional Galaxy AB,en,False,,,,,,"Professional Galaxy är ett IT- och teknikkonsultbolag som tillhandahåller högspecialiserad kompetens inom IT, mjukvaruutveckling, SAP, inköp, elektronik och mekanisk konstruktion. Vi samarbetar med erfarna seniora experter och levererar strategiskt värdeskapande kompetens till några av Sveriges mest..."
30668239,Kock till The Secret Garden,Chsd Restaurang AB,en,False,,,,,,"Välkommen till The Secret Garden, belägen mitt i hjärtat av Stockholm i Gamla Stan. Med våra breda öppettider välkomnar vi gäster både dag och kväll. Under dagtid serverar vi mat i en lugn och rustik miljö med en fantastisk utsikt, medan kvällen övergår till livligare stämning med DJ och nattklubb. ..."
30668198,Revenue Operations Manager at Rillion,Ants Akademiskt Nätverk av Tekniska Studenter AB,en,False,,,,,,"We are looking for a Revenue Operations manager to keep developing our RevOps function. You’ll design the systems, processes, and insights that power our GTM engine as we scale from $30M to $50M and beyond.  You will work closely with the CBDO (your manager), CRO, CMO, and all other GTM leaders to m..."
30668112,Application Specialist - Machine Learning focus,Raysearch Laboratories AB (Publ),en,False,,,,,,RaySearch develops innovative software solutions to improve cancer care. About 1000 clinics in more than 40 countries use RaySearch software to improve treatments and quality of life for patients. RaySearch was founded in 2000 and is listed on Nasdaq Stockholm. The headquarters is located in Stockho...
30668062,Facility Team Leader,Mathem i Sverige AB,en,False,,,,,,Facility Team Leader til Mathem 🛒 Är du en strukturerad ledare med teknisk förståelse som trivs bäst när du får kombinera operativt arbete med att coacha ett team? Vi söker nu en  Facility team leader som vill ta ett helhetsansvar för driften och leda vårt team på plats i Larsboda. Om rollen Som Fac...
30667619,Test Automation Engineer,Avaron AB,en,False,,,,,,"About the Company Avaron AB is a growing consultancy that matches your expertise with the market's most interesting assignments, offering a platform where your professional development is central. About the Assignment You will strengthen quality engineering across web and mobile experiences in a mod..."
30667615,Junior Workplace Engineer,Ants Akademiskt Nätverk av Tekniska Studenter AB,en,False,,,,,,"We’re looking for a Junior Workplace Engineer to join our Productivity and Collaboration team within internal IT at Rillion. If you’re passionate about delivering great IT support, enjoy working with Microsoft technologies, and want to grow in a collaborative and service-minded environment, we’d lov..."
30667554,Head of Legal,Dynavox Group AB,en,False,,,,,,"Why Join Us?  We're on a mission to empower people with disabilities to do what they once did or never thought possible. As the world-leader in assistive communication solutions, we empower our customers to express themselves, connect with the world, and live richer lives.  At Tobii Dynavox, you can..."
30667101,Product Designer (UX/UI),Professional Galaxy AB,en,False,,,,,,"Professional Galaxy is an IT and technology consulting company that provides highly specialized expertise within IT, software development, SAP, purchasing, electronics, and mechanical design. We collaborate with experienced senior experts and deliver strategic value-creating expertise to some of Swe..."
30666951,Account Manager - Sök utan CV,Noor Jobs AB,en,False,,,,,,"Är du en driven säljare som vill mer än att bara nå målen – du vill överträffa dem? På Ledigajobb.se får du mer än ett säljjobb. Du blir en del av ett snabbväxande bolag där vi tillsammans formar framtidens jobbsökande. Här finns inga tak – bara möjligheter.  Vi tror på teamwork, coaching och gemens..."
30666938,Operation & Business Development Manager  Sweden & Nordics,Primekss Sweden AB,en,False,,,,,,"About us PRIMX is a leader and innovative concrete technology and flooring system company. Founded in 1997 Latvia, we are now one of the leaders in advanced concrete solutions, from innovation, design and execution. The technology originated in Europe via Primekss and we expanded Globally and curren..."
30666893,JuniorMid GRC / Security Specialist (NIS2),Norla AB,en,False,,,,,,"You will work closely with a Senior Cybersecurity Expert and a Project Manager, focusing on gathering, structuring, and analyzing information across production units and support functions. The role includes conducting structured interviews, participating in site visits across Europe, and supporting ..."
30666862,Regionchef Nordost till TNG Group i Stockholm,Tng Group AB,en,False,,,,,,"Driv TNG:s största region och KAM-organisation framåt i en roll där du leder på riktigt och gör skillnad. Det här är inte en vanlig chefstjänst. Det här är ett uppdrag för dig som vill ta plats, påverka och leda utvecklingen av både människor och affärer i snabb rörelse. Som regionchef för TNG Nordo..."
30666850,Regionchef Nordost till TNG Group i Stockholm,Tng Group AB,en,False,,,,,,"Driv TNG:s största region och KAM-organisation framåt i en roll där du leder på riktigt och gör skillnad. Det här är inte en vanlig chefstjänst. Det här är ett uppdrag för dig som vill ta plats, påverka och leda utvecklingen av både människor och affärer i snabb rörelse. Som regionchef för TNG Nordo..."
30666786,Experienced Automotive Software Engineer,Avl Mtc Motortestcenter AB,en,False,,,,,,"AVL is one of the world’s leading mobility technology companies for development, simulation and testing in the automotive industry, and beyond. The company provides concepts, solutions and methodologies in fields like vehicle development and integration, e-mobility, automated and connected mobility ..."
30666538,Global Regulatory Affairs Manager,Karo Healthcare AB,en,False,,,,,,"For products within defined responsibility, including but not limited to: - Manage the core and local regulatory dossiers, life cycle management and compilation of submissions for medicinal products. - Creation and/or review of regulatory documentation relevant for submission - Maintain current know..."
30666532,Senior Test Manager,Avaron AB,en,False,,,,,,"About the Company Avaron AB is a growing consultancy that matches your expertise with the market's most interesting assignments, offering a platform where your professional development is central. About the Assignment We are looking for an experienced Test Manager to lead testing in a complex, multi..."
30666530,KMA Specialist,Jobbusters AB,en,False,,,,,,Din nya roll  Vill du vara med och utveckla framtidens spårväg – och samtidigt göra skillnad på riktigt? Nu söker vi en KMA-specialist som vill stötta flera spännande projekt inom lokal spårtrafik i en av Sveriges största kollektivtrafikmiljöer. Du blir en del av en engagerad projektgrupp med flera ...
30666364,Senior Analyst,"Nordea Bank Abp, Filial i Sverige",en,False,,,,,,"Job ID: 2464   Would you like make an impact in a fast paced, dynamic team within the regulatory field? We are looking for a Senior Analyst to join our Regulatory Analytics & Benchmarking team. This role can be based in Sweden, Finland and Poland. About our team As part of the Regulatory Analytics &..."
30666231,Algorithm Developer at Tobii,Tobii AB,en,False,,,,,,"Tobii is the global leader in eye tracking and a pioneer in attention computing. For more than 20 years, we have developed technology that understands human attention and intent. Our technology powers scientific research, immersive XR, assistive solutions, and advanced human machine interaction. Hea..."
30666053,Collection Planner,Klättermusen AB,en,False,,,,,,"We are looking for a Collection Planner to join our Commercial Team at Klättermusen Since 1975 Klättermusen has been a pioneer in making refined Scandinavian Mountaineering Equipment. The designs combine utility and extreme durability, always with consideration of the environment in mind. Klättermus..."
30665880,Head of E-com  Growth till Dusty Deco,Needo Recruitment Sthlm AB,en,False,,,,,,Head of E-com & Growth till Dusty Deco  Är du en e-handelsstjärna som vill driver nästa expansionsfas i ett internationellt designvarumärke? Dusty Deco söker en affärsdriven och datadriven Head of E-com & Growth som ska leda bolagets digitala affär! Om Dusty Deco  Dusty Deco skapar möbler och inredn...
30665835,Business Developer - Recommerce C2C,Vend Marketplaces AB,en,False,,,,,,"🗓️ This is a six-month fixed-term contract, with good prospects for extension or conversion to a permanent position.  THE OPPORTUNITY IN A NUTSHELLYou? You are a driven Business Developer with sharp analytical abilities and strong presentation skills, motivated to continuously learn and develop.  Ro..."
30665695,Field Service Engineer at ABB,ABB AB,en,False,,,,,,"At ABB, we help industries run leaner and cleaner—and every person here makes that happen. You’ll be empowered to lead, supported to grow, and proud of the impact we create together. Join us and help run what runs the world. This position reports to: Service Manager__ Role and Responsibilities Do yo..."
30665367,Key Accout Manager,Kraftsam Personal AB,en,False,,,,,,"Har du erfarenhet som Account Manager och vill ta nästa steg mot att hantera företagets största kunder? Vi söker en affärsdriven Key Account Manager som vill arbeta strategiskt, långsiktigt och resultatorienterat med fokus på partnerskap och tillväxt. Som Key Account Manager ansvarar du för några av..."
30665313,Account Manager,Kraftsam Personal AB,en,False,,,,,,"Vill du arbeta uppsökande med företag och ta fullt ansvar för dina egna affärer?  Vi söker en driven Account Manager som trivs med att skapa nya kundrelationer, förstå behov och leverera resultat. Här får du möjlighet att påverka både din egen och företagets tillväxt. I rollen som Account Manager an..."
30665274,Researcher Electric Power Systems,RISE Research Institutes of Sweden AB,en,False,,,,,,"About Us At the Electric Power Systems unit, our project portfolio consists of research and innovation projects that combine technical perspectives - how electric power systems should be built, managed, and operated - and economic perspectives, including the development of the electricity market, re..."
30665230,Junior Account Manager,Kraftsam Personal AB,en,False,,,,,,"Har du arbetat med försäljning i något år och vill ta nästa steg mot B2B?  Vi söker en Junior Account Manager som vill utvecklas i en professionell miljö med fokus på affärer mellan företag. Här får du verktygen, kunskapen och coachningen för att växa i din roll som affärspartner. Som Junior Account..."
30665202,Senior Full-Stack Developer (Angular),Avaron AB,en,False,,,,,,"About the Company Avaron AB is a growing consultancy that matches your expertise with the market's most interesting assignments, offering a platform where your professional development is central. About the Assignment You will join a cross-functional full-stack team that develops a large, business-c..."
30665153,Principal AI Transformation Strategist - Stockholm,Columbus Sweden AB,en,False,,,,,,"Join the team that turns AI ambition into business‑defining reality! You will be one of the first hires in our newly established AI Center of Excellence, reporting directly to the VP Group AI (part of Group Management). This gives you significant strategic influence and visibility at the highest lev..."
30629389,Sektionschef fysisk säkerhet vid Must,Försvarsmakten,sv,True,,,,,,"Vill du ha ett meningsfullt arbete och bidra till ett säkrare Sverige i en osäker värld?  Militära underrättelse- och säkerhetstjänsten (Must) bedriver försvarsunderrättelseverksamhet och militär underrättelse- och säkerhetstjänst. Must interna säkerhetsavdelning inriktar, stödjer och hanterar säker..."
30664524,Säkerhetsanalytiker till Riksbanken,Sveriges Riksbank,sv,True,,,,,,Var med och stärk IT- och cybersäkerheten i en verksamhet med avgörande betydelse för Sveriges ekonomiska stabilitet och utveckling. Nu söker vi en säkerhetsanalytiker till Riksbankens SOC. Som säkerhetsanalytiker identifierar du hot och avvikelser och arbetar aktivt med att förebygga och hantera cy...
30664330,Technical AI Product Lead - Pharmacy Domain,Apotea Sverige AB,en,False,,,,,,"Tech innovation at Apotea Apotea is Sweden’s largest online pharmacy, committed to making healthcare products accessible and efficiently delivered to everyone. We’re rebuilding our core platform on modern cloud-native architecture, combining deep domain expertise with genuine care for our customers...."
30664328,Technical AI Product Lead - Pharmacy Domain,Apotea Sverige AB,en,False,,,,,,"Tech innovation at Apotea Apotea is Sweden’s largest online pharmacy, committed to making healthcare products accessible and efficiently delivered to everyone. We’re rebuilding our core platform on modern cloud-native architecture, combining deep domain expertise with genuine care for our customers...."
30664269,Domain Expert in Enterprise Mobility,Certified Konsult Sweden AB,en,False,,,,,,"We are seeking an experienced SOTI Domain Subject Matter Expert (SME) at L3 capability level to lead and support enterprise mobility environments across global operations. The primary responsibility is to architect, plan, and execute the migration of a large‑scale device fleet from SOTI MobiControl ..."
30664265,Head of Strategy and Business Development EMEA,AB Electrolux,en,False,,,,,,"Going to work at Electrolux has a greater purpose than putting the latest product or technology on the market. It’s about improving the everyday lives of millions. By being sustainable and open to new ideas we can push the boundaries of cooking, cleaning, and wellbeing at home. To keep doing so, we ..."
30663768,Part-time Dutch speaking student to GANT,A Hub AB,en,False,,,,,,"Are you a student looking for a part-time job during your studies? Do you speak fluent Dutch? ABOUT THE COMPANY GANT is the future of American Sportswear and has been a pioneer of preppy style since 1949. Founded by the Gantmacher family in the college town of New Haven, Connecticut, GANT revolution..."
30663759,Communications Manager to Novatron Fusion Group,Needo Recruitment Sthlm AB,en,False,,,,,,Communications Manager to Novatron Fusion Group Are you a strategic storyteller ready to shape how one of the most exciting deep-tech industries speaks to the world? Novatron Fusion Group is building its communications function from the ground up and is looking for a star to join the team. About Nov...
30663594,Brand och säkerhetstekniker,CBRE GWS Sweden AB,sv,True,,,,,,Ta chansen att jobba som brandtekniker i ett internationellt företag med lokal förankring och familjär känsla! Här får du möjlighet att jobba i ett team och med omväxlande arbetsuppgifter.   CBRE´s uppdrag är att leverera service och underhåll av fastigheter och utveckla de fastighetsrelaterade tjän...
30663223,Office Coordinator sökes till Adyen,Maxkompetens Sverige AB,en,False,,,,,,Brinner du för att ge förstklassig service och skapa trivsel omkring dig? Hos Adyen får du chansen att bli den som sätter tonen för hela kontoret - som första kontaktpunkt för både besökare och medarbetare. I rollen som Office Coordinator blir du en nyckelperson i att hålla vardagen flytande och kon...
30662887,MYP Learning assistant at ISSR,Stockholms kommun,en,False,,,,,,"Stockholm – vår huvudstad med miljoner drömmar, förväntningar och ambitioner. Vi jobbar för alla som lever här idag och i framtiden. Nu söker vi dig som vill tänka stort, nytt och annorlunda med oss – för stockholmarna.    Stockholm – vår huvudstad med miljoner drömmar, förväntningar och ambitione..."
30662663,Talent Acquisition Specialist till Synsam,Synsam Group Sweden AB,en,False,,,,,,"Vi söker en ny stjärna till vårt TA-team – är det du? 🧡 Synsam är ett branschledande företag med starkt fokus på innovation, hållbarhet och entreprenörsanda – men framför allt tror vi att våra medarbetare är nyckeln till vår framgång.  Nu söker vi en Talent Acquisition Specialist/Rekryteringsspecial..."
30662678,"Quantitative Analyst, Model Monitoring and Performance [Regular/Senior]","Nordea Bank Abp, Filial i Sverige",en,False,,,,,,"Job ID: 2618   Quantitative Analyst, Model Monitoring and Performance [Regular/Senior] (permanent position) Are you a quantitative analyst with a knack for navigating complex databases and producing clear analysis? Do you have knowledge of, interest in or even experience with IRB, IFRS9 or similar m..."
30662674,IT Product Manager  Integrations & Extend,AB Electrolux,en,False,,,,,,"The IT Product Manager – Integrations & Extend plays a critical role in shaping and delivering the integrations and technical capabilities that power our global HR ecosystem, with Workday at the core. Operating within the HR IT Solutions area, this role is responsible for the end‑to‑end product owne..."
30662500,Säkerhetssamordnare,Migrationsverket,sv,True,,,,,,"På Migrationsverket arbetar vi med en av vår tids stora samhällsfrågor – migrationen. Totalt är vi cirka 6 000 personer här, och vi har ett ovanligt viktigt jobb!     Vill du bidra till att stärka säkerheten i en av Sveriges mest samhällsviktiga myndigheter? Vi söker nu säkerhetssamordnare med pla..."
30662441,Software Development Manager,Avaron AB,en,False,,,,,,"About the Company Avaron AB is a growing consultancy that matches your expertise with the market's most interesting assignments, offering a platform where your professional development is central. About the Assignment In this role, you will lead a software work package within a railway software deve..."
30662373,Städ / Service,Smart Trappstädning Sverige AB,en,False,,,,,,Vi söker personal – Städ / Service Smart Trappstädning söker en noggrann och ansvarstagande person. Arbetsuppgifter: Tvätta moppar Ansvara för material och hålla ordning i tvättstugan Fylla på och kontrollera städmaterial Städning av några trapphus i närområdet  Arbetstid: 11:00–20:00 eller 12:00–21...
30662265,Lunch Chef - Florentine Stockholm!,Italiano Söder AB,en,False,,,,,,Ladies & Gentleman 💃🏼🍝 Florentine is an international upscale casual dining restaurant brand born in Stockholm. Offering culinary experiences in a glamorous setting straight from the Italian movie scene. Our homemade Italian food and drinks are crafted with passion from carefully selected artisanal ...
30662281,Lunch Chef - Florentine Stockholm!,Italiano Söder AB,en,False,,,,,,Ladies & Gentleman 💃🏼🍝 Florentine is an international upscale casual dining restaurant brand born in Stockholm. Offering culinary experiences in a glamorous setting straight from the Italian movie scene. Our homemade Italian food and drinks are crafted with passion from carefully selected artisanal ...
30662164,Redovisningsekonom  Record to Report (R2R),Soros Consulting AB,en,False,,,,,,"Vi söker nu en kvalificerad redovisningsekonom till ett Record to Report-team (R2R) inom en större internationell koncern. R2R-funktionen ansvarar för koncernens redovisningsexpertis med starkt fokus på kvalitet, regelefterlevnad och finansiell rapportering enligt IFRS och lokal GAAP. Här får du arb..."
30662135,Senior Accountant,Svea Renewable Solar AB,en,False,,,,,,På Svea Solar har vi en tydlig vision - att fixa planeten. Som Sveriges och en av Europas ledande aktörer inom energiteknik driver vi på energiomställningen med solenergi och smarta energilösningar. ⚡ Nu söker vi en Senior Accountant där du får helhetsansvar över ett eller flera bolag. Rollen kännet...
30662127,Operations Manager till MIAB AB,MIAB AB,en,False,,,,,,"MIAB Group Sverige söker en affärsdriven och närvarande Operations Manager som vill ta ett helhetsansvar för drift, resultat och kundrelationer inom geografi Stockholm. Rollen är en central del av verksamheten och fungerar som en operativ förlängning av Operations Director som är övergripande ansvar..."
30661884,Supply Planner,Valueone AB,en,False,,,,,,ValueOne söker en Supply Planner för ett längre konsultuppdrag hos ett grossistföretag i Stockholm. Uppdraget ska tillsättas i maj-juni och väntas pågå i sju månader för att täcka en föräldraledighet.  Om rollen Som Supply Planner är du ansvarig för att säkerställa att företagets varor och produkter...
30661842,Senior IT Security Officer,Vattenfall AB,en,False,,,,,,"Company Description   Vattenfall is one of Europe’s largest producers and retailers of electricity and heat. Our main markets are Sweden, Germany, the Netherlands, Denmark, and the UK. The Vattenfall Group has approximately 21 000 employees. We have been electrifying industries, powering homes and t..."
30661814,Senior Product Designer - Social,FishBrain AB (publ),en,False,,,,,,"The Fishbrain Team has built and maintains the #1 fishing app in the US, designed for people who are passionate about fishing and outdoors. Our mission is to deliver an incredible experience that helps anglers achieve their fishing dreams, today and tomorrow. We're looking for a Senior Product Desig..."
30660686,Technical Sales Support Engineer,Kalmar Solutions AB,en,False,,,,,,"BROMMA has been the leading manufacturer of crane spreaders ever since its formation in the 1960s. Todaywe have, by far, the highest market share of the world’s spreader suppliers. In fact, our market share is higherthan all our competitors’ combined. Today, we manufacture close to 2,000 spreaders o..."
30661527,Senior Business Analyst,Midasplayer AB,en,False,,,,,,"As a Senior Business Analyst in the Candy Analytics & Reporting team, you’ll play a key role in monitoring performance, driving clear and consistent reporting, and uncovering insights that shape business decisions. You’ll work cross-functionally with teams across Product, Finance, and Operations to ..."
30661425,Optronics Engineer,Tobii AB,en,False,,,,,,"At Tobii, we develop cutting-edge eye tracking technology that transforms how humans interact with machines. Now we’re looking for an Optronics Engineer—a key player in delivering reliable, high-performance eye trackers that power the future of human-machine interaction.  You’ll be the one who makes..."
30661290,Senior Analytics Engineer,Wolt Development Sverige AB,en,False,,,,,,"Analytics at Wolt is a business-critical area that covers three different teams — data science, regional business operations, and analytics engineering. The complexity of online delivery, differences in the economics and dynamics of the cities we operate in, and vast amounts of data make our work tr..."
30661222,Consultant Manager till Academic Work i Stockholm,Academic Work Sweden AB,en,False,,,,,,"Har du ett stort intresse för människor och drivs av att skapa goda relationer till kunder, kandidater, konsulter och kollegor. Då kanske du är Academic Works nya Consultant Manager!  OM TJÄNSTEN  Consultant Manager är en bred roll där du får möjlighet att arbeta med rekrytering, ledarskap och vara ..."
30660929,Tillsynshandläggare inom säkerhetsskydd,Länsstyrelsen i Stockholms län,sv,True,,,,,,"Vill du bidra till Sveriges säkerhet genom att utöva tillsyn över säkerhetskänslig verksamhet? Då kan du vara den vi söker.  På enheten för företags- och säkerhetstillsyn arbetar vi med en bredd av tillsynsfrågor främst inom områdena penningtvätt och finansiering av terrorism, bevakningsföretag oc..."
30660909,Senior ServiceNow Platform Developer,Avaron AB,en,False,,,,,,Om företaget Avaron AB är ett växande konsultbolag som matchar din spetskompetens med marknadens mest intressanta uppdrag och erbjuder en plattform där din utveckling står i centrum. Om uppdraget Vi söker en erfaren ServiceNow plattformutvecklare som vill ta en aktiv roll i vidareutvecklingen av en ...
30660840,Rapid Säkerhet söker Larmoperatörer,Rapid Säkerhet AB,sv,True,,,,,,"Vi söker larmoperatörer Vi söker dig som kan hantera stressiga situationer och trivs i ett högt arbetstempo. Som larmoperatör behöver du vara serviceinriktad, noggrann och lösnings orienterad. Du är den första kontakten mellan våra kunder, väktare och olika myndigheter, såsom polis och räddningstjän..."
30660778,Senior Ekonom till AboutValue,Vindex AB,en,False,,,,,,"Vill du kombinera kvalificerad redovisning, affärsnära ekonomistyrning och arbete med moderna system? Vindex söker för AboutValues räkning en Senior Ekonom. Hos AboutValue ges du möjlighet att utveckla ekonomi och styrning på strategisk nivå. Du välkomnas till en arbetsplats med tydlig framtidsvisio..."
30660578,Transaction Specialist (Temporary),Benifex Sweden AB,en,False,,,,,,"Who are Benifex? 💚💜 We are a fast-moving technology company, and one of the most successful providers of online reward and benefits solutions in the world. We believe that everyone deserves an exceptional experience at work, every day, and build workplace technology that makes this happen. Benifex’s..."
30660265,B2B Account Manager – Finans & Crowdfunding,Docupartner i Stockholm AB,en,False,,,,,,"Account Manager – Crowdfunding & Företagsobligationer Filantropens Finanshus | Stockholm | Heltid | Tillsvidare Vill du kombinera försäljning med mening? Hos Filantropens Finanshus får du jobba med finansiella lösningar som gör skillnad – för människor och planet. Vi växer snabbt, har ett energiskt ..."
30660267,Fullstackutvecklare React till Quest Consulting,Quest Consulting Sverige AB,en,False,,,,,,Bakgrund Kunden utvecklar en mjukvarulösning för autonoma fordon. Arbetet sker på plats i Södertälje inom ett mindre agilt team med dagliga synkar och planering varannan vecka. Lösningen omfattar simuleringstester samt realtidsvalidering i fordon med molnintegration. UppdragsbeskrivningVi söker en s...
